2025-10-10 07:43:25,411 - INFO - __main__ 39 - Inicio de ejecucion.
2025-10-10 07:43:25,411 - INFO - src.loader 9 - Cargando dataset desde ./data/competencia.csv
2025-10-10 07:43:31,623 - INFO - __name__ 26 - Realizando feature engineering con 2 lags para 102 atributos
2025-10-10 07:43:40,901 - INFO - __name__ 54 - Feature engineering completado. DataFrame resultante con 359 columnas
2025-10-10 07:43:40,901 - INFO - __name__ 77 - Generando delta-lags con 2 desfases para 102 atributos
2025-10-10 07:43:50,659 - INFO - __name__ 119 - Delta-lags generados. DataFrame resultante con 359 columnas
2025-10-10 07:43:50,795 - INFO - __main__ 51 - Feature Engineering completado: (978439, 359)
2025-10-10 07:43:50,795 - INFO - src.optimization_cv 238 - Iniciando optimización con CV - 100 trials
2025-10-10 07:43:50,795 - INFO - src.optimization_cv 239 - Configuración CV: períodos=[202101, 202102, 202103, 202104]
2025-10-10 07:43:52,460 - INFO - src.loader 33 - Convirtiendo clase_ternaria a target binario
2025-10-10 07:43:52,553 - INFO - src.loader 52 - Conversión completada:
2025-10-10 07:43:52,554 - INFO - src.loader 53 -   Original - CONTINUA: 642824, BAJA+1: 3447, BAJA+2: 3938
2025-10-10 07:43:52,555 - INFO - src.loader 54 -   Binario - 0: 642824, 1: 7385
2025-10-10 07:43:52,555 - INFO - src.loader 55 -   Distribución: 1.14% casos positivos
2025-10-10 07:44:01,482 - INFO - src.optimization_cv 223 - Iteración CV 0 guardada - Ganancia: 1,105,056,000
2025-10-10 07:44:03,041 - INFO - src.loader 33 - Convirtiendo clase_ternaria a target binario
2025-10-10 07:44:03,131 - INFO - src.loader 52 - Conversión completada:
2025-10-10 07:44:03,131 - INFO - src.loader 53 -   Original - CONTINUA: 642824, BAJA+1: 3447, BAJA+2: 3938
2025-10-10 07:44:03,131 - INFO - src.loader 54 -   Binario - 0: 642824, 1: 7385
2025-10-10 07:44:03,131 - INFO - src.loader 55 -   Distribución: 1.14% casos positivos
2025-10-10 07:44:07,622 - INFO - src.optimization_cv 223 - Iteración CV 1 guardada - Ganancia: 1,101,132,000
2025-10-10 07:44:09,270 - INFO - src.loader 33 - Convirtiendo clase_ternaria a target binario
2025-10-10 07:44:09,377 - INFO - src.loader 52 - Conversión completada:
2025-10-10 07:44:09,377 - INFO - src.loader 53 -   Original - CONTINUA: 642824, BAJA+1: 3447, BAJA+2: 3938
2025-10-10 07:44:09,377 - INFO - src.loader 54 -   Binario - 0: 642824, 1: 7385
2025-10-10 07:44:09,377 - INFO - src.loader 55 -   Distribución: 1.14% casos positivos
2025-10-10 07:44:30,833 - INFO - src.optimization_cv 223 - Iteración CV 2 guardada - Ganancia: 1,102,756,000
2025-10-10 07:44:32,427 - INFO - src.loader 33 - Convirtiendo clase_ternaria a target binario
2025-10-10 07:44:32,530 - INFO - src.loader 52 - Conversión completada:
2025-10-10 07:44:32,530 - INFO - src.loader 53 -   Original - CONTINUA: 642824, BAJA+1: 3447, BAJA+2: 3938
2025-10-10 07:44:32,530 - INFO - src.loader 54 -   Binario - 0: 642824, 1: 7385
2025-10-10 07:44:32,530 - INFO - src.loader 55 -   Distribución: 1.14% casos positivos
2025-10-10 07:44:45,856 - INFO - src.optimization_cv 223 - Iteración CV 3 guardada - Ganancia: 1,104,316,000
2025-10-10 07:44:47,402 - INFO - src.loader 33 - Convirtiendo clase_ternaria a target binario
2025-10-10 07:44:47,492 - INFO - src.loader 52 - Conversión completada:
2025-10-10 07:44:47,492 - INFO - src.loader 53 -   Original - CONTINUA: 642824, BAJA+1: 3447, BAJA+2: 3938
2025-10-10 07:44:47,492 - INFO - src.loader 54 -   Binario - 0: 642824, 1: 7385
2025-10-10 07:44:47,493 - INFO - src.loader 55 -   Distribución: 1.14% casos positivos
2025-10-10 07:44:58,087 - INFO - src.optimization_cv 223 - Iteración CV 4 guardada - Ganancia: 1,102,780,000
2025-10-10 07:44:59,633 - INFO - src.loader 33 - Convirtiendo clase_ternaria a target binario
2025-10-10 07:44:59,733 - INFO - src.loader 52 - Conversión completada:
2025-10-10 07:44:59,733 - INFO - src.loader 53 -   Original - CONTINUA: 642824, BAJA+1: 3447, BAJA+2: 3938
2025-10-10 07:44:59,733 - INFO - src.loader 54 -   Binario - 0: 642824, 1: 7385
2025-10-10 07:44:59,733 - INFO - src.loader 55 -   Distribución: 1.14% casos positivos
2025-10-10 07:45:16,755 - INFO - src.optimization_cv 223 - Iteración CV 5 guardada - Ganancia: 1,102,652,000
2025-10-10 07:45:18,257 - INFO - src.loader 33 - Convirtiendo clase_ternaria a target binario
2025-10-10 07:45:18,359 - INFO - src.loader 52 - Conversión completada:
2025-10-10 07:45:18,359 - INFO - src.loader 53 -   Original - CONTINUA: 642824, BAJA+1: 3447, BAJA+2: 3938
2025-10-10 07:45:18,359 - INFO - src.loader 54 -   Binario - 0: 642824, 1: 7385
2025-10-10 07:45:18,359 - INFO - src.loader 55 -   Distribución: 1.14% casos positivos
2025-10-10 07:45:37,688 - INFO - src.optimization_cv 223 - Iteración CV 6 guardada - Ganancia: 1,103,720,000
2025-10-10 07:45:39,248 - INFO - src.loader 33 - Convirtiendo clase_ternaria a target binario
2025-10-10 07:45:39,377 - INFO - src.loader 52 - Conversión completada:
2025-10-10 07:45:39,377 - INFO - src.loader 53 -   Original - CONTINUA: 642824, BAJA+1: 3447, BAJA+2: 3938
2025-10-10 07:45:39,377 - INFO - src.loader 54 -   Binario - 0: 642824, 1: 7385
2025-10-10 07:45:39,377 - INFO - src.loader 55 -   Distribución: 1.14% casos positivos
2025-10-10 07:45:47,229 - INFO - src.optimization_cv 223 - Iteración CV 7 guardada - Ganancia: 1,099,700,000
2025-10-10 07:45:48,712 - INFO - src.loader 33 - Convirtiendo clase_ternaria a target binario
2025-10-10 07:45:48,815 - INFO - src.loader 52 - Conversión completada:
2025-10-10 07:45:48,815 - INFO - src.loader 53 -   Original - CONTINUA: 642824, BAJA+1: 3447, BAJA+2: 3938
2025-10-10 07:45:48,815 - INFO - src.loader 54 -   Binario - 0: 642824, 1: 7385
2025-10-10 07:45:48,815 - INFO - src.loader 55 -   Distribución: 1.14% casos positivos
2025-10-10 07:45:58,365 - INFO - src.optimization_cv 223 - Iteración CV 8 guardada - Ganancia: 1,098,612,000
2025-10-10 07:45:59,756 - INFO - src.loader 33 - Convirtiendo clase_ternaria a target binario
2025-10-10 07:45:59,885 - INFO - src.loader 52 - Conversión completada:
2025-10-10 07:45:59,886 - INFO - src.loader 53 -   Original - CONTINUA: 642824, BAJA+1: 3447, BAJA+2: 3938
2025-10-10 07:45:59,886 - INFO - src.loader 54 -   Binario - 0: 642824, 1: 7385
2025-10-10 07:45:59,887 - INFO - src.loader 55 -   Distribución: 1.14% casos positivos
2025-10-10 07:46:04,448 - INFO - src.optimization_cv 223 - Iteración CV 9 guardada - Ganancia: 1,096,700,000
2025-10-10 07:46:05,972 - INFO - src.loader 33 - Convirtiendo clase_ternaria a target binario
2025-10-10 07:46:06,074 - INFO - src.loader 52 - Conversión completada:
2025-10-10 07:46:06,074 - INFO - src.loader 53 -   Original - CONTINUA: 642824, BAJA+1: 3447, BAJA+2: 3938
2025-10-10 07:46:06,074 - INFO - src.loader 54 -   Binario - 0: 642824, 1: 7385
2025-10-10 07:46:06,076 - INFO - src.loader 55 -   Distribución: 1.14% casos positivos
2025-10-10 07:46:22,373 - INFO - src.optimization_cv 223 - Iteración CV 10 guardada - Ganancia: 1,106,168,000
2025-10-10 07:46:23,933 - INFO - src.loader 33 - Convirtiendo clase_ternaria a target binario
2025-10-10 07:46:24,047 - INFO - src.loader 52 - Conversión completada:
2025-10-10 07:46:24,048 - INFO - src.loader 53 -   Original - CONTINUA: 642824, BAJA+1: 3447, BAJA+2: 3938
2025-10-10 07:46:24,048 - INFO - src.loader 54 -   Binario - 0: 642824, 1: 7385
2025-10-10 07:46:24,048 - INFO - src.loader 55 -   Distribución: 1.14% casos positivos
2025-10-10 07:46:32,120 - INFO - src.optimization_cv 223 - Iteración CV 11 guardada - Ganancia: 1,104,288,000
2025-10-10 07:46:33,753 - INFO - src.loader 33 - Convirtiendo clase_ternaria a target binario
2025-10-10 07:46:33,880 - INFO - src.loader 52 - Conversión completada:
2025-10-10 07:46:33,880 - INFO - src.loader 53 -   Original - CONTINUA: 642824, BAJA+1: 3447, BAJA+2: 3938
2025-10-10 07:46:33,882 - INFO - src.loader 54 -   Binario - 0: 642824, 1: 7385
2025-10-10 07:46:33,882 - INFO - src.loader 55 -   Distribución: 1.14% casos positivos
2025-10-10 07:47:04,338 - INFO - src.optimization_cv 223 - Iteración CV 12 guardada - Ganancia: 1,104,864,000
2025-10-10 07:47:05,961 - INFO - src.loader 33 - Convirtiendo clase_ternaria a target binario
2025-10-10 07:47:06,129 - INFO - src.loader 52 - Conversión completada:
2025-10-10 07:47:06,129 - INFO - src.loader 53 -   Original - CONTINUA: 642824, BAJA+1: 3447, BAJA+2: 3938
2025-10-10 07:47:06,130 - INFO - src.loader 54 -   Binario - 0: 642824, 1: 7385
2025-10-10 07:47:06,130 - INFO - src.loader 55 -   Distribución: 1.14% casos positivos
2025-10-10 07:47:22,210 - INFO - src.optimization_cv 223 - Iteración CV 13 guardada - Ganancia: 1,104,076,000
2025-10-10 07:47:23,887 - INFO - src.loader 33 - Convirtiendo clase_ternaria a target binario
2025-10-10 07:47:24,005 - INFO - src.loader 52 - Conversión completada:
2025-10-10 07:47:24,005 - INFO - src.loader 53 -   Original - CONTINUA: 642824, BAJA+1: 3447, BAJA+2: 3938
2025-10-10 07:47:24,005 - INFO - src.loader 54 -   Binario - 0: 642824, 1: 7385
2025-10-10 07:47:24,005 - INFO - src.loader 55 -   Distribución: 1.14% casos positivos
2025-10-10 07:47:28,940 - INFO - src.optimization_cv 223 - Iteración CV 14 guardada - Ganancia: 1,101,220,000
2025-10-10 07:47:30,504 - INFO - src.loader 33 - Convirtiendo clase_ternaria a target binario
2025-10-10 07:47:30,619 - INFO - src.loader 52 - Conversión completada:
2025-10-10 07:47:30,619 - INFO - src.loader 53 -   Original - CONTINUA: 642824, BAJA+1: 3447, BAJA+2: 3938
2025-10-10 07:47:30,622 - INFO - src.loader 54 -   Binario - 0: 642824, 1: 7385
2025-10-10 07:47:30,622 - INFO - src.loader 55 -   Distribución: 1.14% casos positivos
2025-10-10 07:47:46,630 - INFO - src.optimization_cv 223 - Iteración CV 15 guardada - Ganancia: 1,106,240,000
2025-10-10 07:47:48,241 - INFO - src.loader 33 - Convirtiendo clase_ternaria a target binario
2025-10-10 07:47:48,352 - INFO - src.loader 52 - Conversión completada:
2025-10-10 07:47:48,353 - INFO - src.loader 53 -   Original - CONTINUA: 642824, BAJA+1: 3447, BAJA+2: 3938
2025-10-10 07:47:48,353 - INFO - src.loader 54 -   Binario - 0: 642824, 1: 7385
2025-10-10 07:47:48,353 - INFO - src.loader 55 -   Distribución: 1.14% casos positivos
2025-10-10 07:47:57,866 - INFO - src.optimization_cv 223 - Iteración CV 16 guardada - Ganancia: 1,106,032,000
2025-10-10 07:47:59,558 - INFO - src.loader 33 - Convirtiendo clase_ternaria a target binario
2025-10-10 07:47:59,691 - INFO - src.loader 52 - Conversión completada:
2025-10-10 07:47:59,691 - INFO - src.loader 53 -   Original - CONTINUA: 642824, BAJA+1: 3447, BAJA+2: 3938
2025-10-10 07:47:59,691 - INFO - src.loader 54 -   Binario - 0: 642824, 1: 7385
2025-10-10 07:47:59,691 - INFO - src.loader 55 -   Distribución: 1.14% casos positivos
2025-10-10 07:48:06,085 - INFO - src.optimization_cv 223 - Iteración CV 17 guardada - Ganancia: 1,102,624,000
2025-10-10 07:48:07,788 - INFO - src.loader 33 - Convirtiendo clase_ternaria a target binario
2025-10-10 07:48:07,908 - INFO - src.loader 52 - Conversión completada:
2025-10-10 07:48:07,909 - INFO - src.loader 53 -   Original - CONTINUA: 642824, BAJA+1: 3447, BAJA+2: 3938
2025-10-10 07:48:07,909 - INFO - src.loader 54 -   Binario - 0: 642824, 1: 7385
2025-10-10 07:48:07,909 - INFO - src.loader 55 -   Distribución: 1.14% casos positivos
2025-10-10 07:48:27,252 - INFO - src.optimization_cv 223 - Iteración CV 18 guardada - Ganancia: 1,105,504,000
2025-10-10 07:48:28,943 - INFO - src.loader 33 - Convirtiendo clase_ternaria a target binario
2025-10-10 07:48:29,058 - INFO - src.loader 52 - Conversión completada:
2025-10-10 07:48:29,058 - INFO - src.loader 53 -   Original - CONTINUA: 642824, BAJA+1: 3447, BAJA+2: 3938
2025-10-10 07:48:29,058 - INFO - src.loader 54 -   Binario - 0: 642824, 1: 7385
2025-10-10 07:48:29,058 - INFO - src.loader 55 -   Distribución: 1.14% casos positivos
2025-10-10 07:48:42,202 - INFO - src.optimization_cv 223 - Iteración CV 19 guardada - Ganancia: 1,104,880,000
2025-10-10 07:48:43,869 - INFO - src.loader 33 - Convirtiendo clase_ternaria a target binario
2025-10-10 07:48:43,987 - INFO - src.loader 52 - Conversión completada:
2025-10-10 07:48:43,987 - INFO - src.loader 53 -   Original - CONTINUA: 642824, BAJA+1: 3447, BAJA+2: 3938
2025-10-10 07:48:43,987 - INFO - src.loader 54 -   Binario - 0: 642824, 1: 7385
2025-10-10 07:48:43,987 - INFO - src.loader 55 -   Distribución: 1.14% casos positivos
2025-10-10 07:48:58,070 - INFO - src.optimization_cv 223 - Iteración CV 20 guardada - Ganancia: 1,104,532,000
2025-10-10 07:48:59,636 - INFO - src.loader 33 - Convirtiendo clase_ternaria a target binario
2025-10-10 07:48:59,774 - INFO - src.loader 52 - Conversión completada:
2025-10-10 07:48:59,774 - INFO - src.loader 53 -   Original - CONTINUA: 642824, BAJA+1: 3447, BAJA+2: 3938
2025-10-10 07:48:59,774 - INFO - src.loader 54 -   Binario - 0: 642824, 1: 7385
2025-10-10 07:48:59,774 - INFO - src.loader 55 -   Distribución: 1.14% casos positivos
2025-10-10 07:49:08,301 - INFO - src.optimization_cv 223 - Iteración CV 21 guardada - Ganancia: 1,106,024,000
2025-10-10 07:49:09,909 - INFO - src.loader 33 - Convirtiendo clase_ternaria a target binario
2025-10-10 07:49:10,039 - INFO - src.loader 52 - Conversión completada:
2025-10-10 07:49:10,039 - INFO - src.loader 53 -   Original - CONTINUA: 642824, BAJA+1: 3447, BAJA+2: 3938
2025-10-10 07:49:10,039 - INFO - src.loader 54 -   Binario - 0: 642824, 1: 7385
2025-10-10 07:49:10,040 - INFO - src.loader 55 -   Distribución: 1.14% casos positivos
2025-10-10 07:49:21,656 - INFO - src.optimization_cv 223 - Iteración CV 22 guardada - Ganancia: 1,105,232,000
2025-10-10 07:49:23,559 - INFO - src.loader 33 - Convirtiendo clase_ternaria a target binario
2025-10-10 07:49:23,703 - INFO - src.loader 52 - Conversión completada:
2025-10-10 07:49:23,703 - INFO - src.loader 53 -   Original - CONTINUA: 642824, BAJA+1: 3447, BAJA+2: 3938
2025-10-10 07:49:23,703 - INFO - src.loader 54 -   Binario - 0: 642824, 1: 7385
2025-10-10 07:49:23,703 - INFO - src.loader 55 -   Distribución: 1.14% casos positivos
2025-10-10 07:49:32,498 - INFO - src.optimization_cv 223 - Iteración CV 23 guardada - Ganancia: 1,106,192,000
2025-10-10 07:49:34,158 - INFO - src.loader 33 - Convirtiendo clase_ternaria a target binario
2025-10-10 07:49:34,324 - INFO - src.loader 52 - Conversión completada:
2025-10-10 07:49:34,324 - INFO - src.loader 53 -   Original - CONTINUA: 642824, BAJA+1: 3447, BAJA+2: 3938
2025-10-10 07:49:34,324 - INFO - src.loader 54 -   Binario - 0: 642824, 1: 7385
2025-10-10 07:49:34,324 - INFO - src.loader 55 -   Distribución: 1.14% casos positivos
2025-10-10 07:49:46,897 - INFO - src.optimization_cv 223 - Iteración CV 24 guardada - Ganancia: 1,104,856,000
2025-10-10 07:49:48,692 - INFO - src.loader 33 - Convirtiendo clase_ternaria a target binario
2025-10-10 07:49:48,845 - INFO - src.loader 52 - Conversión completada:
2025-10-10 07:49:48,845 - INFO - src.loader 53 -   Original - CONTINUA: 642824, BAJA+1: 3447, BAJA+2: 3938
2025-10-10 07:49:48,845 - INFO - src.loader 54 -   Binario - 0: 642824, 1: 7385
2025-10-10 07:49:48,845 - INFO - src.loader 55 -   Distribución: 1.14% casos positivos
2025-10-10 07:50:03,585 - INFO - src.optimization_cv 223 - Iteración CV 25 guardada - Ganancia: 1,104,736,000
2025-10-10 07:50:05,502 - INFO - src.loader 33 - Convirtiendo clase_ternaria a target binario
2025-10-10 07:50:05,683 - INFO - src.loader 52 - Conversión completada:
2025-10-10 07:50:05,683 - INFO - src.loader 53 -   Original - CONTINUA: 642824, BAJA+1: 3447, BAJA+2: 3938
2025-10-10 07:50:05,684 - INFO - src.loader 54 -   Binario - 0: 642824, 1: 7385
2025-10-10 07:50:05,685 - INFO - src.loader 55 -   Distribución: 1.14% casos positivos
2025-10-10 07:50:14,857 - INFO - src.optimization_cv 223 - Iteración CV 26 guardada - Ganancia: 1,105,384,000
2025-10-10 07:50:16,607 - INFO - src.loader 33 - Convirtiendo clase_ternaria a target binario
2025-10-10 07:50:16,761 - INFO - src.loader 52 - Conversión completada:
2025-10-10 07:50:16,761 - INFO - src.loader 53 -   Original - CONTINUA: 642824, BAJA+1: 3447, BAJA+2: 3938
2025-10-10 07:50:16,761 - INFO - src.loader 54 -   Binario - 0: 642824, 1: 7385
2025-10-10 07:50:16,762 - INFO - src.loader 55 -   Distribución: 1.14% casos positivos
2025-10-10 07:50:25,347 - INFO - src.optimization_cv 223 - Iteración CV 27 guardada - Ganancia: 1,102,160,000
2025-10-10 07:50:27,165 - INFO - src.loader 33 - Convirtiendo clase_ternaria a target binario
2025-10-10 07:50:27,334 - INFO - src.loader 52 - Conversión completada:
2025-10-10 07:50:27,334 - INFO - src.loader 53 -   Original - CONTINUA: 642824, BAJA+1: 3447, BAJA+2: 3938
2025-10-10 07:50:27,334 - INFO - src.loader 54 -   Binario - 0: 642824, 1: 7385
2025-10-10 07:50:27,334 - INFO - src.loader 55 -   Distribución: 1.14% casos positivos
2025-10-10 07:50:46,608 - INFO - src.optimization_cv 223 - Iteración CV 28 guardada - Ganancia: 1,105,776,000
2025-10-10 07:50:48,398 - INFO - src.loader 33 - Convirtiendo clase_ternaria a target binario
2025-10-10 07:50:48,522 - INFO - src.loader 52 - Conversión completada:
2025-10-10 07:50:48,524 - INFO - src.loader 53 -   Original - CONTINUA: 642824, BAJA+1: 3447, BAJA+2: 3938
2025-10-10 07:50:48,524 - INFO - src.loader 54 -   Binario - 0: 642824, 1: 7385
2025-10-10 07:50:48,524 - INFO - src.loader 55 -   Distribución: 1.14% casos positivos
2025-10-10 07:50:52,298 - INFO - src.optimization_cv 223 - Iteración CV 29 guardada - Ganancia: 1,100,264,000
2025-10-10 07:50:54,031 - INFO - src.loader 33 - Convirtiendo clase_ternaria a target binario
2025-10-10 07:50:54,146 - INFO - src.loader 52 - Conversión completada:
2025-10-10 07:50:54,146 - INFO - src.loader 53 -   Original - CONTINUA: 642824, BAJA+1: 3447, BAJA+2: 3938
2025-10-10 07:50:54,146 - INFO - src.loader 54 -   Binario - 0: 642824, 1: 7385
2025-10-10 07:50:54,148 - INFO - src.loader 55 -   Distribución: 1.14% casos positivos
2025-10-10 07:51:28,229 - INFO - src.optimization_cv 223 - Iteración CV 30 guardada - Ganancia: 1,106,108,000
2025-10-10 07:51:30,066 - INFO - src.loader 33 - Convirtiendo clase_ternaria a target binario
2025-10-10 07:51:30,187 - INFO - src.loader 52 - Conversión completada:
2025-10-10 07:51:30,187 - INFO - src.loader 53 -   Original - CONTINUA: 642824, BAJA+1: 3447, BAJA+2: 3938
2025-10-10 07:51:30,187 - INFO - src.loader 54 -   Binario - 0: 642824, 1: 7385
2025-10-10 07:51:30,187 - INFO - src.loader 55 -   Distribución: 1.14% casos positivos
2025-10-10 07:52:09,096 - INFO - src.optimization_cv 223 - Iteración CV 31 guardada - Ganancia: 1,106,468,000
2025-10-10 07:52:11,045 - INFO - src.loader 33 - Convirtiendo clase_ternaria a target binario
2025-10-10 07:52:11,219 - INFO - src.loader 52 - Conversión completada:
2025-10-10 07:52:11,219 - INFO - src.loader 53 -   Original - CONTINUA: 642824, BAJA+1: 3447, BAJA+2: 3938
2025-10-10 07:52:11,219 - INFO - src.loader 54 -   Binario - 0: 642824, 1: 7385
2025-10-10 07:52:11,219 - INFO - src.loader 55 -   Distribución: 1.14% casos positivos
2025-10-10 07:52:50,175 - INFO - src.optimization_cv 223 - Iteración CV 32 guardada - Ganancia: 1,105,804,000
2025-10-10 07:52:51,952 - INFO - src.loader 33 - Convirtiendo clase_ternaria a target binario
2025-10-10 07:52:52,127 - INFO - src.loader 52 - Conversión completada:
2025-10-10 07:52:52,127 - INFO - src.loader 53 -   Original - CONTINUA: 642824, BAJA+1: 3447, BAJA+2: 3938
2025-10-10 07:52:52,127 - INFO - src.loader 54 -   Binario - 0: 642824, 1: 7385
2025-10-10 07:52:52,127 - INFO - src.loader 55 -   Distribución: 1.14% casos positivos
2025-10-10 07:53:22,792 - INFO - src.optimization_cv 223 - Iteración CV 33 guardada - Ganancia: 1,107,500,000
2025-10-10 07:53:24,661 - INFO - src.loader 33 - Convirtiendo clase_ternaria a target binario
2025-10-10 07:53:24,809 - INFO - src.loader 52 - Conversión completada:
2025-10-10 07:53:24,809 - INFO - src.loader 53 -   Original - CONTINUA: 642824, BAJA+1: 3447, BAJA+2: 3938
2025-10-10 07:53:24,809 - INFO - src.loader 54 -   Binario - 0: 642824, 1: 7385
2025-10-10 07:53:24,809 - INFO - src.loader 55 -   Distribución: 1.14% casos positivos
2025-10-10 07:53:50,158 - INFO - src.optimization_cv 223 - Iteración CV 34 guardada - Ganancia: 1,105,412,000
2025-10-10 07:53:51,951 - INFO - src.loader 33 - Convirtiendo clase_ternaria a target binario
2025-10-10 07:53:52,071 - INFO - src.loader 52 - Conversión completada:
2025-10-10 07:53:52,072 - INFO - src.loader 53 -   Original - CONTINUA: 642824, BAJA+1: 3447, BAJA+2: 3938
2025-10-10 07:53:52,072 - INFO - src.loader 54 -   Binario - 0: 642824, 1: 7385
2025-10-10 07:53:52,072 - INFO - src.loader 55 -   Distribución: 1.14% casos positivos
2025-10-10 07:54:14,436 - INFO - src.optimization_cv 223 - Iteración CV 35 guardada - Ganancia: 1,106,488,000
2025-10-10 07:54:16,362 - INFO - src.loader 33 - Convirtiendo clase_ternaria a target binario
2025-10-10 07:54:16,491 - INFO - src.loader 52 - Conversión completada:
2025-10-10 07:54:16,491 - INFO - src.loader 53 -   Original - CONTINUA: 642824, BAJA+1: 3447, BAJA+2: 3938
2025-10-10 07:54:16,491 - INFO - src.loader 54 -   Binario - 0: 642824, 1: 7385
2025-10-10 07:54:16,491 - INFO - src.loader 55 -   Distribución: 1.14% casos positivos
2025-10-10 07:54:34,111 - INFO - src.optimization_cv 223 - Iteración CV 36 guardada - Ganancia: 1,105,664,000
2025-10-10 07:54:35,873 - INFO - src.loader 33 - Convirtiendo clase_ternaria a target binario
2025-10-10 07:54:36,016 - INFO - src.loader 52 - Conversión completada:
2025-10-10 07:54:36,016 - INFO - src.loader 53 -   Original - CONTINUA: 642824, BAJA+1: 3447, BAJA+2: 3938
2025-10-10 07:54:36,016 - INFO - src.loader 54 -   Binario - 0: 642824, 1: 7385
2025-10-10 07:54:36,016 - INFO - src.loader 55 -   Distribución: 1.14% casos positivos
2025-10-10 07:54:53,317 - INFO - src.optimization_cv 223 - Iteración CV 37 guardada - Ganancia: 1,103,888,000
2025-10-10 07:54:54,958 - INFO - src.loader 33 - Convirtiendo clase_ternaria a target binario
2025-10-10 07:54:55,085 - INFO - src.loader 52 - Conversión completada:
2025-10-10 07:54:55,086 - INFO - src.loader 53 -   Original - CONTINUA: 642824, BAJA+1: 3447, BAJA+2: 3938
2025-10-10 07:54:55,086 - INFO - src.loader 54 -   Binario - 0: 642824, 1: 7385
2025-10-10 07:54:55,086 - INFO - src.loader 55 -   Distribución: 1.14% casos positivos
2025-10-10 07:55:17,358 - INFO - src.optimization_cv 223 - Iteración CV 38 guardada - Ganancia: 1,103,048,000
2025-10-10 07:55:19,101 - INFO - src.loader 33 - Convirtiendo clase_ternaria a target binario
2025-10-10 07:55:19,238 - INFO - src.loader 52 - Conversión completada:
2025-10-10 07:55:19,238 - INFO - src.loader 53 -   Original - CONTINUA: 642824, BAJA+1: 3447, BAJA+2: 3938
2025-10-10 07:55:19,239 - INFO - src.loader 54 -   Binario - 0: 642824, 1: 7385
2025-10-10 07:55:19,239 - INFO - src.loader 55 -   Distribución: 1.14% casos positivos
2025-10-10 07:55:26,652 - INFO - src.optimization_cv 223 - Iteración CV 39 guardada - Ganancia: 1,103,148,000
2025-10-10 07:55:28,403 - INFO - src.loader 33 - Convirtiendo clase_ternaria a target binario
2025-10-10 07:55:28,522 - INFO - src.loader 52 - Conversión completada:
2025-10-10 07:55:28,522 - INFO - src.loader 53 -   Original - CONTINUA: 642824, BAJA+1: 3447, BAJA+2: 3938
2025-10-10 07:55:28,523 - INFO - src.loader 54 -   Binario - 0: 642824, 1: 7385
2025-10-10 07:55:28,523 - INFO - src.loader 55 -   Distribución: 1.14% casos positivos
2025-10-10 07:55:40,655 - INFO - src.optimization_cv 223 - Iteración CV 40 guardada - Ganancia: 1,103,412,000
2025-10-10 07:55:42,373 - INFO - src.loader 33 - Convirtiendo clase_ternaria a target binario
2025-10-10 07:55:42,525 - INFO - src.loader 52 - Conversión completada:
2025-10-10 07:55:42,525 - INFO - src.loader 53 -   Original - CONTINUA: 642824, BAJA+1: 3447, BAJA+2: 3938
2025-10-10 07:55:42,525 - INFO - src.loader 54 -   Binario - 0: 642824, 1: 7385
2025-10-10 07:55:42,526 - INFO - src.loader 55 -   Distribución: 1.14% casos positivos
2025-10-10 07:56:18,345 - INFO - src.optimization_cv 223 - Iteración CV 41 guardada - Ganancia: 1,105,792,000
2025-10-10 07:56:20,018 - INFO - src.loader 33 - Convirtiendo clase_ternaria a target binario
2025-10-10 07:56:20,141 - INFO - src.loader 52 - Conversión completada:
2025-10-10 07:56:20,142 - INFO - src.loader 53 -   Original - CONTINUA: 642824, BAJA+1: 3447, BAJA+2: 3938
2025-10-10 07:56:20,142 - INFO - src.loader 54 -   Binario - 0: 642824, 1: 7385
2025-10-10 07:56:20,142 - INFO - src.loader 55 -   Distribución: 1.14% casos positivos
2025-10-10 07:56:42,622 - INFO - src.optimization_cv 223 - Iteración CV 42 guardada - Ganancia: 1,107,456,000
2025-10-10 07:56:44,282 - INFO - src.loader 33 - Convirtiendo clase_ternaria a target binario
2025-10-10 07:56:44,411 - INFO - src.loader 52 - Conversión completada:
2025-10-10 07:56:44,411 - INFO - src.loader 53 -   Original - CONTINUA: 642824, BAJA+1: 3447, BAJA+2: 3938
2025-10-10 07:56:44,411 - INFO - src.loader 54 -   Binario - 0: 642824, 1: 7385
2025-10-10 07:56:44,412 - INFO - src.loader 55 -   Distribución: 1.14% casos positivos
2025-10-10 07:56:57,669 - INFO - src.optimization_cv 223 - Iteración CV 43 guardada - Ganancia: 1,105,484,000
2025-10-10 07:56:59,391 - INFO - src.loader 33 - Convirtiendo clase_ternaria a target binario
2025-10-10 07:56:59,534 - INFO - src.loader 52 - Conversión completada:
2025-10-10 07:56:59,535 - INFO - src.loader 53 -   Original - CONTINUA: 642824, BAJA+1: 3447, BAJA+2: 3938
2025-10-10 07:56:59,535 - INFO - src.loader 54 -   Binario - 0: 642824, 1: 7385
2025-10-10 07:56:59,535 - INFO - src.loader 55 -   Distribución: 1.14% casos positivos
2025-10-10 07:57:08,010 - INFO - src.optimization_cv 223 - Iteración CV 44 guardada - Ganancia: 1,104,932,000
2025-10-10 07:57:09,653 - INFO - src.loader 33 - Convirtiendo clase_ternaria a target binario
2025-10-10 07:57:09,781 - INFO - src.loader 52 - Conversión completada:
2025-10-10 07:57:09,781 - INFO - src.loader 53 -   Original - CONTINUA: 642824, BAJA+1: 3447, BAJA+2: 3938
2025-10-10 07:57:09,782 - INFO - src.loader 54 -   Binario - 0: 642824, 1: 7385
2025-10-10 07:57:09,782 - INFO - src.loader 55 -   Distribución: 1.14% casos positivos
2025-10-10 07:57:18,034 - INFO - src.optimization_cv 223 - Iteración CV 45 guardada - Ganancia: 1,101,820,000
2025-10-10 07:57:19,637 - INFO - src.loader 33 - Convirtiendo clase_ternaria a target binario
2025-10-10 07:57:19,800 - INFO - src.loader 52 - Conversión completada:
2025-10-10 07:57:19,800 - INFO - src.loader 53 -   Original - CONTINUA: 642824, BAJA+1: 3447, BAJA+2: 3938
2025-10-10 07:57:19,801 - INFO - src.loader 54 -   Binario - 0: 642824, 1: 7385
2025-10-10 07:57:19,802 - INFO - src.loader 55 -   Distribución: 1.14% casos positivos
2025-10-10 07:57:47,041 - INFO - src.optimization_cv 223 - Iteración CV 46 guardada - Ganancia: 1,105,384,000
2025-10-10 07:57:48,595 - INFO - src.loader 33 - Convirtiendo clase_ternaria a target binario
2025-10-10 07:57:48,741 - INFO - src.loader 52 - Conversión completada:
2025-10-10 07:57:48,741 - INFO - src.loader 53 -   Original - CONTINUA: 642824, BAJA+1: 3447, BAJA+2: 3938
2025-10-10 07:57:48,741 - INFO - src.loader 54 -   Binario - 0: 642824, 1: 7385
2025-10-10 07:57:48,741 - INFO - src.loader 55 -   Distribución: 1.14% casos positivos
2025-10-10 07:58:05,171 - INFO - src.optimization_cv 223 - Iteración CV 47 guardada - Ganancia: 1,106,956,000
2025-10-10 07:58:06,906 - INFO - src.loader 33 - Convirtiendo clase_ternaria a target binario
2025-10-10 07:58:07,034 - INFO - src.loader 52 - Conversión completada:
2025-10-10 07:58:07,034 - INFO - src.loader 53 -   Original - CONTINUA: 642824, BAJA+1: 3447, BAJA+2: 3938
2025-10-10 07:58:07,034 - INFO - src.loader 54 -   Binario - 0: 642824, 1: 7385
2025-10-10 07:58:07,034 - INFO - src.loader 55 -   Distribución: 1.14% casos positivos
2025-10-10 07:58:16,108 - INFO - src.optimization_cv 223 - Iteración CV 48 guardada - Ganancia: 1,101,768,000
2025-10-10 07:58:17,815 - INFO - src.loader 33 - Convirtiendo clase_ternaria a target binario
2025-10-10 07:58:17,936 - INFO - src.loader 52 - Conversión completada:
2025-10-10 07:58:17,936 - INFO - src.loader 53 -   Original - CONTINUA: 642824, BAJA+1: 3447, BAJA+2: 3938
2025-10-10 07:58:17,938 - INFO - src.loader 54 -   Binario - 0: 642824, 1: 7385
2025-10-10 07:58:17,938 - INFO - src.loader 55 -   Distribución: 1.14% casos positivos
2025-10-10 07:58:23,517 - INFO - src.optimization_cv 223 - Iteración CV 49 guardada - Ganancia: 1,103,976,000
2025-10-10 07:58:25,265 - INFO - src.loader 33 - Convirtiendo clase_ternaria a target binario
2025-10-10 07:58:25,389 - INFO - src.loader 52 - Conversión completada:
2025-10-10 07:58:25,389 - INFO - src.loader 53 -   Original - CONTINUA: 642824, BAJA+1: 3447, BAJA+2: 3938
2025-10-10 07:58:25,389 - INFO - src.loader 54 -   Binario - 0: 642824, 1: 7385
2025-10-10 07:58:25,389 - INFO - src.loader 55 -   Distribución: 1.14% casos positivos
2025-10-10 07:58:36,625 - INFO - src.optimization_cv 223 - Iteración CV 50 guardada - Ganancia: 1,105,720,000
2025-10-10 07:58:38,313 - INFO - src.loader 33 - Convirtiendo clase_ternaria a target binario
2025-10-10 07:58:38,431 - INFO - src.loader 52 - Conversión completada:
2025-10-10 07:58:38,431 - INFO - src.loader 53 -   Original - CONTINUA: 642824, BAJA+1: 3447, BAJA+2: 3938
2025-10-10 07:58:38,431 - INFO - src.loader 54 -   Binario - 0: 642824, 1: 7385
2025-10-10 07:58:38,432 - INFO - src.loader 55 -   Distribución: 1.14% casos positivos
2025-10-10 07:59:03,922 - INFO - src.optimization_cv 223 - Iteración CV 51 guardada - Ganancia: 1,106,624,000
2025-10-10 07:59:05,642 - INFO - src.loader 33 - Convirtiendo clase_ternaria a target binario
2025-10-10 07:59:05,766 - INFO - src.loader 52 - Conversión completada:
2025-10-10 07:59:05,766 - INFO - src.loader 53 -   Original - CONTINUA: 642824, BAJA+1: 3447, BAJA+2: 3938
2025-10-10 07:59:05,766 - INFO - src.loader 54 -   Binario - 0: 642824, 1: 7385
2025-10-10 07:59:05,766 - INFO - src.loader 55 -   Distribución: 1.14% casos positivos
2025-10-10 07:59:11,867 - INFO - src.optimization_cv 223 - Iteración CV 52 guardada - Ganancia: 1,102,520,000
2025-10-10 07:59:13,604 - INFO - src.loader 33 - Convirtiendo clase_ternaria a target binario
2025-10-10 07:59:13,750 - INFO - src.loader 52 - Conversión completada:
2025-10-10 07:59:13,750 - INFO - src.loader 53 -   Original - CONTINUA: 642824, BAJA+1: 3447, BAJA+2: 3938
2025-10-10 07:59:13,750 - INFO - src.loader 54 -   Binario - 0: 642824, 1: 7385
2025-10-10 07:59:13,751 - INFO - src.loader 55 -   Distribución: 1.14% casos positivos
2025-10-10 07:59:29,747 - INFO - src.optimization_cv 223 - Iteración CV 53 guardada - Ganancia: 1,104,852,000
2025-10-10 07:59:31,378 - INFO - src.loader 33 - Convirtiendo clase_ternaria a target binario
2025-10-10 07:59:31,502 - INFO - src.loader 52 - Conversión completada:
2025-10-10 07:59:31,503 - INFO - src.loader 53 -   Original - CONTINUA: 642824, BAJA+1: 3447, BAJA+2: 3938
2025-10-10 07:59:31,503 - INFO - src.loader 54 -   Binario - 0: 642824, 1: 7385
2025-10-10 07:59:31,503 - INFO - src.loader 55 -   Distribución: 1.14% casos positivos
2025-10-10 07:59:42,516 - INFO - src.optimization_cv 223 - Iteración CV 54 guardada - Ganancia: 1,103,812,000
2025-10-10 07:59:44,379 - INFO - src.loader 33 - Convirtiendo clase_ternaria a target binario
2025-10-10 07:59:44,513 - INFO - src.loader 52 - Conversión completada:
2025-10-10 07:59:44,513 - INFO - src.loader 53 -   Original - CONTINUA: 642824, BAJA+1: 3447, BAJA+2: 3938
2025-10-10 07:59:44,513 - INFO - src.loader 54 -   Binario - 0: 642824, 1: 7385
2025-10-10 07:59:44,513 - INFO - src.loader 55 -   Distribución: 1.14% casos positivos
2025-10-10 08:00:04,209 - INFO - src.optimization_cv 223 - Iteración CV 55 guardada - Ganancia: 1,104,056,000
2025-10-10 08:00:05,841 - INFO - src.loader 33 - Convirtiendo clase_ternaria a target binario
2025-10-10 08:00:05,983 - INFO - src.loader 52 - Conversión completada:
2025-10-10 08:00:05,983 - INFO - src.loader 53 -   Original - CONTINUA: 642824, BAJA+1: 3447, BAJA+2: 3938
2025-10-10 08:00:05,984 - INFO - src.loader 54 -   Binario - 0: 642824, 1: 7385
2025-10-10 08:00:05,984 - INFO - src.loader 55 -   Distribución: 1.14% casos positivos
2025-10-10 08:00:26,808 - INFO - src.optimization_cv 223 - Iteración CV 56 guardada - Ganancia: 1,106,268,000
2025-10-10 08:00:28,649 - INFO - src.loader 33 - Convirtiendo clase_ternaria a target binario
2025-10-10 08:00:28,795 - INFO - src.loader 52 - Conversión completada:
2025-10-10 08:00:28,795 - INFO - src.loader 53 -   Original - CONTINUA: 642824, BAJA+1: 3447, BAJA+2: 3938
2025-10-10 08:00:28,795 - INFO - src.loader 54 -   Binario - 0: 642824, 1: 7385
2025-10-10 08:00:28,795 - INFO - src.loader 55 -   Distribución: 1.14% casos positivos
2025-10-10 08:00:34,660 - INFO - src.optimization_cv 223 - Iteración CV 57 guardada - Ganancia: 1,101,948,000
2025-10-10 08:00:36,448 - INFO - src.loader 33 - Convirtiendo clase_ternaria a target binario
2025-10-10 08:00:36,574 - INFO - src.loader 52 - Conversión completada:
2025-10-10 08:00:36,576 - INFO - src.loader 53 -   Original - CONTINUA: 642824, BAJA+1: 3447, BAJA+2: 3938
2025-10-10 08:00:36,576 - INFO - src.loader 54 -   Binario - 0: 642824, 1: 7385
2025-10-10 08:00:36,576 - INFO - src.loader 55 -   Distribución: 1.14% casos positivos
2025-10-10 08:00:53,447 - INFO - src.optimization_cv 223 - Iteración CV 58 guardada - Ganancia: 1,105,732,000
2025-10-10 08:00:55,197 - INFO - src.loader 33 - Convirtiendo clase_ternaria a target binario
2025-10-10 08:00:55,346 - INFO - src.loader 52 - Conversión completada:
2025-10-10 08:00:55,347 - INFO - src.loader 53 -   Original - CONTINUA: 642824, BAJA+1: 3447, BAJA+2: 3938
2025-10-10 08:00:55,347 - INFO - src.loader 54 -   Binario - 0: 642824, 1: 7385
2025-10-10 08:00:55,347 - INFO - src.loader 55 -   Distribución: 1.14% casos positivos
2025-10-10 08:01:29,271 - INFO - src.optimization_cv 223 - Iteración CV 59 guardada - Ganancia: 1,105,328,000
2025-10-10 08:01:31,149 - INFO - src.loader 33 - Convirtiendo clase_ternaria a target binario
2025-10-10 08:01:31,290 - INFO - src.loader 52 - Conversión completada:
2025-10-10 08:01:31,290 - INFO - src.loader 53 -   Original - CONTINUA: 642824, BAJA+1: 3447, BAJA+2: 3938
2025-10-10 08:01:31,290 - INFO - src.loader 54 -   Binario - 0: 642824, 1: 7385
2025-10-10 08:01:31,290 - INFO - src.loader 55 -   Distribución: 1.14% casos positivos
2025-10-10 08:01:40,224 - INFO - src.optimization_cv 223 - Iteración CV 60 guardada - Ganancia: 1,102,564,000
2025-10-10 08:01:41,860 - INFO - src.loader 33 - Convirtiendo clase_ternaria a target binario
2025-10-10 08:01:41,997 - INFO - src.loader 52 - Conversión completada:
2025-10-10 08:01:41,998 - INFO - src.loader 53 -   Original - CONTINUA: 642824, BAJA+1: 3447, BAJA+2: 3938
2025-10-10 08:01:41,998 - INFO - src.loader 54 -   Binario - 0: 642824, 1: 7385
2025-10-10 08:01:41,998 - INFO - src.loader 55 -   Distribución: 1.14% casos positivos
2025-10-10 08:02:03,392 - INFO - src.optimization_cv 223 - Iteración CV 61 guardada - Ganancia: 1,105,076,000
2025-10-10 08:02:05,064 - INFO - src.loader 33 - Convirtiendo clase_ternaria a target binario
2025-10-10 08:02:05,178 - INFO - src.loader 52 - Conversión completada:
2025-10-10 08:02:05,178 - INFO - src.loader 53 -   Original - CONTINUA: 642824, BAJA+1: 3447, BAJA+2: 3938
2025-10-10 08:02:05,179 - INFO - src.loader 54 -   Binario - 0: 642824, 1: 7385
2025-10-10 08:02:05,179 - INFO - src.loader 55 -   Distribución: 1.14% casos positivos
2025-10-10 08:02:22,460 - INFO - src.optimization_cv 223 - Iteración CV 62 guardada - Ganancia: 1,105,144,000
2025-10-10 08:02:24,206 - INFO - src.loader 33 - Convirtiendo clase_ternaria a target binario
2025-10-10 08:02:24,343 - INFO - src.loader 52 - Conversión completada:
2025-10-10 08:02:24,343 - INFO - src.loader 53 -   Original - CONTINUA: 642824, BAJA+1: 3447, BAJA+2: 3938
2025-10-10 08:02:24,343 - INFO - src.loader 54 -   Binario - 0: 642824, 1: 7385
2025-10-10 08:02:24,343 - INFO - src.loader 55 -   Distribución: 1.14% casos positivos
2025-10-10 08:03:01,476 - INFO - src.optimization_cv 223 - Iteración CV 63 guardada - Ganancia: 1,101,636,000
2025-10-10 08:03:03,129 - INFO - src.loader 33 - Convirtiendo clase_ternaria a target binario
2025-10-10 08:03:03,306 - INFO - src.loader 52 - Conversión completada:
2025-10-10 08:03:03,306 - INFO - src.loader 53 -   Original - CONTINUA: 642824, BAJA+1: 3447, BAJA+2: 3938
2025-10-10 08:03:03,306 - INFO - src.loader 54 -   Binario - 0: 642824, 1: 7385
2025-10-10 08:03:03,306 - INFO - src.loader 55 -   Distribución: 1.14% casos positivos
2025-10-10 08:03:21,787 - INFO - src.optimization_cv 223 - Iteración CV 64 guardada - Ganancia: 1,103,840,000
2025-10-10 08:03:23,377 - INFO - src.loader 33 - Convirtiendo clase_ternaria a target binario
2025-10-10 08:03:23,524 - INFO - src.loader 52 - Conversión completada:
2025-10-10 08:03:23,525 - INFO - src.loader 53 -   Original - CONTINUA: 642824, BAJA+1: 3447, BAJA+2: 3938
2025-10-10 08:03:23,525 - INFO - src.loader 54 -   Binario - 0: 642824, 1: 7385
2025-10-10 08:03:23,525 - INFO - src.loader 55 -   Distribución: 1.14% casos positivos
2025-10-10 08:03:36,764 - INFO - src.optimization_cv 223 - Iteración CV 65 guardada - Ganancia: 1,106,668,000
2025-10-10 08:03:38,568 - INFO - src.loader 33 - Convirtiendo clase_ternaria a target binario
2025-10-10 08:03:38,692 - INFO - src.loader 52 - Conversión completada:
2025-10-10 08:03:38,692 - INFO - src.loader 53 -   Original - CONTINUA: 642824, BAJA+1: 3447, BAJA+2: 3938
2025-10-10 08:03:38,692 - INFO - src.loader 54 -   Binario - 0: 642824, 1: 7385
2025-10-10 08:03:38,692 - INFO - src.loader 55 -   Distribución: 1.14% casos positivos
2025-10-10 08:04:01,714 - INFO - src.optimization_cv 223 - Iteración CV 66 guardada - Ganancia: 1,106,344,000
2025-10-10 08:04:03,450 - INFO - src.loader 33 - Convirtiendo clase_ternaria a target binario
2025-10-10 08:04:03,578 - INFO - src.loader 52 - Conversión completada:
2025-10-10 08:04:03,578 - INFO - src.loader 53 -   Original - CONTINUA: 642824, BAJA+1: 3447, BAJA+2: 3938
2025-10-10 08:04:03,578 - INFO - src.loader 54 -   Binario - 0: 642824, 1: 7385
2025-10-10 08:04:03,579 - INFO - src.loader 55 -   Distribución: 1.14% casos positivos
2025-10-10 08:04:22,458 - INFO - src.optimization_cv 223 - Iteración CV 67 guardada - Ganancia: 1,105,056,000
2025-10-10 08:04:24,519 - INFO - src.loader 33 - Convirtiendo clase_ternaria a target binario
2025-10-10 08:04:24,642 - INFO - src.loader 52 - Conversión completada:
2025-10-10 08:04:24,643 - INFO - src.loader 53 -   Original - CONTINUA: 642824, BAJA+1: 3447, BAJA+2: 3938
2025-10-10 08:04:24,643 - INFO - src.loader 54 -   Binario - 0: 642824, 1: 7385
2025-10-10 08:04:24,643 - INFO - src.loader 55 -   Distribución: 1.14% casos positivos
2025-10-10 08:04:36,751 - INFO - src.optimization_cv 223 - Iteración CV 68 guardada - Ganancia: 1,104,212,000
2025-10-10 08:04:38,472 - INFO - src.loader 33 - Convirtiendo clase_ternaria a target binario
2025-10-10 08:04:38,608 - INFO - src.loader 52 - Conversión completada:
2025-10-10 08:04:38,608 - INFO - src.loader 53 -   Original - CONTINUA: 642824, BAJA+1: 3447, BAJA+2: 3938
2025-10-10 08:04:38,608 - INFO - src.loader 54 -   Binario - 0: 642824, 1: 7385
2025-10-10 08:04:38,608 - INFO - src.loader 55 -   Distribución: 1.14% casos positivos
2025-10-10 08:04:54,324 - INFO - src.optimization_cv 223 - Iteración CV 69 guardada - Ganancia: 1,105,508,000
2025-10-10 08:04:55,913 - INFO - src.loader 33 - Convirtiendo clase_ternaria a target binario
2025-10-10 08:04:56,075 - INFO - src.loader 52 - Conversión completada:
2025-10-10 08:04:56,075 - INFO - src.loader 53 -   Original - CONTINUA: 642824, BAJA+1: 3447, BAJA+2: 3938
2025-10-10 08:04:56,076 - INFO - src.loader 54 -   Binario - 0: 642824, 1: 7385
2025-10-10 08:04:56,076 - INFO - src.loader 55 -   Distribución: 1.14% casos positivos
2025-10-10 08:05:02,871 - INFO - src.optimization_cv 223 - Iteración CV 70 guardada - Ganancia: 1,102,124,000
2025-10-10 08:05:04,547 - INFO - src.loader 33 - Convirtiendo clase_ternaria a target binario
2025-10-10 08:05:04,705 - INFO - src.loader 52 - Conversión completada:
2025-10-10 08:05:04,708 - INFO - src.loader 53 -   Original - CONTINUA: 642824, BAJA+1: 3447, BAJA+2: 3938
2025-10-10 08:05:04,708 - INFO - src.loader 54 -   Binario - 0: 642824, 1: 7385
2025-10-10 08:05:04,708 - INFO - src.loader 55 -   Distribución: 1.14% casos positivos
2025-10-10 08:05:21,303 - INFO - src.optimization_cv 223 - Iteración CV 71 guardada - Ganancia: 1,105,240,000
2025-10-10 08:05:23,102 - INFO - src.loader 33 - Convirtiendo clase_ternaria a target binario
2025-10-10 08:05:23,294 - INFO - src.loader 52 - Conversión completada:
2025-10-10 08:05:23,294 - INFO - src.loader 53 -   Original - CONTINUA: 642824, BAJA+1: 3447, BAJA+2: 3938
2025-10-10 08:05:23,296 - INFO - src.loader 54 -   Binario - 0: 642824, 1: 7385
2025-10-10 08:05:23,296 - INFO - src.loader 55 -   Distribución: 1.14% casos positivos
2025-10-10 08:05:51,875 - INFO - src.optimization_cv 223 - Iteración CV 72 guardada - Ganancia: 1,106,396,000
2025-10-10 08:05:53,734 - INFO - src.loader 33 - Convirtiendo clase_ternaria a target binario
2025-10-10 08:05:53,929 - INFO - src.loader 52 - Conversión completada:
2025-10-10 08:05:53,929 - INFO - src.loader 53 -   Original - CONTINUA: 642824, BAJA+1: 3447, BAJA+2: 3938
2025-10-10 08:05:53,929 - INFO - src.loader 54 -   Binario - 0: 642824, 1: 7385
2025-10-10 08:05:53,929 - INFO - src.loader 55 -   Distribución: 1.14% casos positivos
2025-10-10 08:06:14,564 - INFO - src.optimization_cv 223 - Iteración CV 73 guardada - Ganancia: 1,104,820,000
2025-10-10 08:06:16,390 - INFO - src.loader 33 - Convirtiendo clase_ternaria a target binario
2025-10-10 08:06:16,551 - INFO - src.loader 52 - Conversión completada:
2025-10-10 08:06:16,551 - INFO - src.loader 53 -   Original - CONTINUA: 642824, BAJA+1: 3447, BAJA+2: 3938
2025-10-10 08:06:16,551 - INFO - src.loader 54 -   Binario - 0: 642824, 1: 7385
2025-10-10 08:06:16,553 - INFO - src.loader 55 -   Distribución: 1.14% casos positivos
2025-10-10 08:06:31,890 - INFO - src.optimization_cv 223 - Iteración CV 74 guardada - Ganancia: 1,105,184,000
2025-10-10 08:06:33,653 - INFO - src.loader 33 - Convirtiendo clase_ternaria a target binario
2025-10-10 08:06:33,834 - INFO - src.loader 52 - Conversión completada:
2025-10-10 08:06:33,834 - INFO - src.loader 53 -   Original - CONTINUA: 642824, BAJA+1: 3447, BAJA+2: 3938
2025-10-10 08:06:33,835 - INFO - src.loader 54 -   Binario - 0: 642824, 1: 7385
2025-10-10 08:06:33,835 - INFO - src.loader 55 -   Distribución: 1.14% casos positivos
2025-10-10 08:06:53,941 - INFO - src.optimization_cv 223 - Iteración CV 75 guardada - Ganancia: 1,108,500,000
2025-10-10 08:06:55,850 - INFO - src.loader 33 - Convirtiendo clase_ternaria a target binario
2025-10-10 08:06:56,017 - INFO - src.loader 52 - Conversión completada:
2025-10-10 08:06:56,020 - INFO - src.loader 53 -   Original - CONTINUA: 642824, BAJA+1: 3447, BAJA+2: 3938
2025-10-10 08:06:56,020 - INFO - src.loader 54 -   Binario - 0: 642824, 1: 7385
2025-10-10 08:06:56,020 - INFO - src.loader 55 -   Distribución: 1.14% casos positivos
2025-10-10 08:07:03,609 - INFO - src.optimization_cv 223 - Iteración CV 76 guardada - Ganancia: 1,103,736,000
2025-10-10 08:07:05,391 - INFO - src.loader 33 - Convirtiendo clase_ternaria a target binario
2025-10-10 08:07:05,524 - INFO - src.loader 52 - Conversión completada:
2025-10-10 08:07:05,524 - INFO - src.loader 53 -   Original - CONTINUA: 642824, BAJA+1: 3447, BAJA+2: 3938
2025-10-10 08:07:05,524 - INFO - src.loader 54 -   Binario - 0: 642824, 1: 7385
2025-10-10 08:07:05,524 - INFO - src.loader 55 -   Distribución: 1.14% casos positivos
2025-10-10 08:07:14,250 - INFO - src.optimization_cv 223 - Iteración CV 77 guardada - Ganancia: 1,105,620,000
2025-10-10 08:07:16,012 - INFO - src.loader 33 - Convirtiendo clase_ternaria a target binario
2025-10-10 08:07:16,134 - INFO - src.loader 52 - Conversión completada:
2025-10-10 08:07:16,134 - INFO - src.loader 53 -   Original - CONTINUA: 642824, BAJA+1: 3447, BAJA+2: 3938
2025-10-10 08:07:16,134 - INFO - src.loader 54 -   Binario - 0: 642824, 1: 7385
2025-10-10 08:07:16,135 - INFO - src.loader 55 -   Distribución: 1.14% casos positivos
2025-10-10 08:07:23,705 - INFO - src.optimization_cv 223 - Iteración CV 78 guardada - Ganancia: 1,104,896,000
2025-10-10 08:07:25,441 - INFO - src.loader 33 - Convirtiendo clase_ternaria a target binario
2025-10-10 08:07:25,577 - INFO - src.loader 52 - Conversión completada:
2025-10-10 08:07:25,577 - INFO - src.loader 53 -   Original - CONTINUA: 642824, BAJA+1: 3447, BAJA+2: 3938
2025-10-10 08:07:25,577 - INFO - src.loader 54 -   Binario - 0: 642824, 1: 7385
2025-10-10 08:07:25,577 - INFO - src.loader 55 -   Distribución: 1.14% casos positivos
2025-10-10 08:07:43,696 - INFO - src.optimization_cv 223 - Iteración CV 79 guardada - Ganancia: 1,105,168,000
2025-10-10 08:07:45,412 - INFO - src.loader 33 - Convirtiendo clase_ternaria a target binario
2025-10-10 08:07:45,562 - INFO - src.loader 52 - Conversión completada:
2025-10-10 08:07:45,562 - INFO - src.loader 53 -   Original - CONTINUA: 642824, BAJA+1: 3447, BAJA+2: 3938
2025-10-10 08:07:45,563 - INFO - src.loader 54 -   Binario - 0: 642824, 1: 7385
2025-10-10 08:07:45,563 - INFO - src.loader 55 -   Distribución: 1.14% casos positivos
2025-10-10 08:08:03,668 - INFO - src.optimization_cv 223 - Iteración CV 80 guardada - Ganancia: 1,104,680,000
2025-10-10 08:08:05,484 - INFO - src.loader 33 - Convirtiendo clase_ternaria a target binario
2025-10-10 08:08:05,608 - INFO - src.loader 52 - Conversión completada:
2025-10-10 08:08:05,609 - INFO - src.loader 53 -   Original - CONTINUA: 642824, BAJA+1: 3447, BAJA+2: 3938
2025-10-10 08:08:05,609 - INFO - src.loader 54 -   Binario - 0: 642824, 1: 7385
2025-10-10 08:08:05,609 - INFO - src.loader 55 -   Distribución: 1.14% casos positivos
2025-10-10 08:08:27,612 - INFO - src.optimization_cv 223 - Iteración CV 81 guardada - Ganancia: 1,105,488,000
2025-10-10 08:08:29,425 - INFO - src.loader 33 - Convirtiendo clase_ternaria a target binario
2025-10-10 08:08:29,578 - INFO - src.loader 52 - Conversión completada:
2025-10-10 08:08:29,579 - INFO - src.loader 53 -   Original - CONTINUA: 642824, BAJA+1: 3447, BAJA+2: 3938
2025-10-10 08:08:29,579 - INFO - src.loader 54 -   Binario - 0: 642824, 1: 7385
2025-10-10 08:08:29,579 - INFO - src.loader 55 -   Distribución: 1.14% casos positivos
2025-10-10 08:08:49,332 - INFO - src.optimization_cv 223 - Iteración CV 82 guardada - Ganancia: 1,106,816,000
2025-10-10 08:08:50,986 - INFO - src.loader 33 - Convirtiendo clase_ternaria a target binario
2025-10-10 08:08:51,106 - INFO - src.loader 52 - Conversión completada:
2025-10-10 08:08:51,106 - INFO - src.loader 53 -   Original - CONTINUA: 642824, BAJA+1: 3447, BAJA+2: 3938
2025-10-10 08:08:51,107 - INFO - src.loader 54 -   Binario - 0: 642824, 1: 7385
2025-10-10 08:08:51,107 - INFO - src.loader 55 -   Distribución: 1.14% casos positivos
2025-10-10 08:09:10,752 - INFO - src.optimization_cv 223 - Iteración CV 83 guardada - Ganancia: 1,106,832,000
2025-10-10 08:09:12,543 - INFO - src.loader 33 - Convirtiendo clase_ternaria a target binario
2025-10-10 08:09:12,682 - INFO - src.loader 52 - Conversión completada:
2025-10-10 08:09:12,684 - INFO - src.loader 53 -   Original - CONTINUA: 642824, BAJA+1: 3447, BAJA+2: 3938
2025-10-10 08:09:12,684 - INFO - src.loader 54 -   Binario - 0: 642824, 1: 7385
2025-10-10 08:09:12,684 - INFO - src.loader 55 -   Distribución: 1.14% casos positivos
2025-10-10 08:09:22,950 - INFO - src.optimization_cv 223 - Iteración CV 84 guardada - Ganancia: 1,104,472,000
2025-10-10 08:09:24,773 - INFO - src.loader 33 - Convirtiendo clase_ternaria a target binario
2025-10-10 08:09:24,902 - INFO - src.loader 52 - Conversión completada:
2025-10-10 08:09:24,902 - INFO - src.loader 53 -   Original - CONTINUA: 642824, BAJA+1: 3447, BAJA+2: 3938
2025-10-10 08:09:24,902 - INFO - src.loader 54 -   Binario - 0: 642824, 1: 7385
2025-10-10 08:09:24,902 - INFO - src.loader 55 -   Distribución: 1.14% casos positivos
2025-10-10 08:09:32,537 - INFO - src.optimization_cv 223 - Iteración CV 85 guardada - Ganancia: 1,105,804,000
2025-10-10 08:09:34,348 - INFO - src.loader 33 - Convirtiendo clase_ternaria a target binario
2025-10-10 08:09:34,491 - INFO - src.loader 52 - Conversión completada:
2025-10-10 08:09:34,491 - INFO - src.loader 53 -   Original - CONTINUA: 642824, BAJA+1: 3447, BAJA+2: 3938
2025-10-10 08:09:34,491 - INFO - src.loader 54 -   Binario - 0: 642824, 1: 7385
2025-10-10 08:09:34,493 - INFO - src.loader 55 -   Distribución: 1.14% casos positivos
2025-10-10 08:09:54,819 - INFO - src.optimization_cv 223 - Iteración CV 86 guardada - Ganancia: 1,108,204,000
2025-10-10 08:09:56,443 - INFO - src.loader 33 - Convirtiendo clase_ternaria a target binario
2025-10-10 08:09:56,603 - INFO - src.loader 52 - Conversión completada:
2025-10-10 08:09:56,603 - INFO - src.loader 53 -   Original - CONTINUA: 642824, BAJA+1: 3447, BAJA+2: 3938
2025-10-10 08:09:56,603 - INFO - src.loader 54 -   Binario - 0: 642824, 1: 7385
2025-10-10 08:09:56,604 - INFO - src.loader 55 -   Distribución: 1.14% casos positivos
2025-10-10 08:10:12,154 - INFO - src.optimization_cv 223 - Iteración CV 87 guardada - Ganancia: 1,105,396,000
2025-10-10 08:10:13,900 - INFO - src.loader 33 - Convirtiendo clase_ternaria a target binario
2025-10-10 08:10:14,028 - INFO - src.loader 52 - Conversión completada:
2025-10-10 08:10:14,028 - INFO - src.loader 53 -   Original - CONTINUA: 642824, BAJA+1: 3447, BAJA+2: 3938
2025-10-10 08:10:14,028 - INFO - src.loader 54 -   Binario - 0: 642824, 1: 7385
2025-10-10 08:10:14,028 - INFO - src.loader 55 -   Distribución: 1.14% casos positivos
2025-10-10 08:10:28,183 - INFO - src.optimization_cv 223 - Iteración CV 88 guardada - Ganancia: 1,105,776,000
2025-10-10 08:10:30,120 - INFO - src.loader 33 - Convirtiendo clase_ternaria a target binario
2025-10-10 08:10:30,253 - INFO - src.loader 52 - Conversión completada:
2025-10-10 08:10:30,253 - INFO - src.loader 53 -   Original - CONTINUA: 642824, BAJA+1: 3447, BAJA+2: 3938
2025-10-10 08:10:30,253 - INFO - src.loader 54 -   Binario - 0: 642824, 1: 7385
2025-10-10 08:10:30,253 - INFO - src.loader 55 -   Distribución: 1.14% casos positivos
2025-10-10 08:10:44,639 - INFO - src.optimization_cv 223 - Iteración CV 89 guardada - Ganancia: 1,103,124,000
2025-10-10 08:10:46,444 - INFO - src.loader 33 - Convirtiendo clase_ternaria a target binario
2025-10-10 08:10:46,596 - INFO - src.loader 52 - Conversión completada:
2025-10-10 08:10:46,597 - INFO - src.loader 53 -   Original - CONTINUA: 642824, BAJA+1: 3447, BAJA+2: 3938
2025-10-10 08:10:46,597 - INFO - src.loader 54 -   Binario - 0: 642824, 1: 7385
2025-10-10 08:10:46,597 - INFO - src.loader 55 -   Distribución: 1.14% casos positivos
2025-10-10 08:10:55,364 - INFO - src.optimization_cv 223 - Iteración CV 90 guardada - Ganancia: 1,097,512,000
2025-10-10 08:10:57,113 - INFO - src.loader 33 - Convirtiendo clase_ternaria a target binario
2025-10-10 08:10:57,237 - INFO - src.loader 52 - Conversión completada:
2025-10-10 08:10:57,237 - INFO - src.loader 53 -   Original - CONTINUA: 642824, BAJA+1: 3447, BAJA+2: 3938
2025-10-10 08:10:57,237 - INFO - src.loader 54 -   Binario - 0: 642824, 1: 7385
2025-10-10 08:10:57,237 - INFO - src.loader 55 -   Distribución: 1.14% casos positivos
2025-10-10 08:11:24,337 - INFO - src.optimization_cv 223 - Iteración CV 91 guardada - Ganancia: 1,107,036,000
2025-10-10 08:11:26,018 - INFO - src.loader 33 - Convirtiendo clase_ternaria a target binario
2025-10-10 08:11:26,139 - INFO - src.loader 52 - Conversión completada:
2025-10-10 08:11:26,139 - INFO - src.loader 53 -   Original - CONTINUA: 642824, BAJA+1: 3447, BAJA+2: 3938
2025-10-10 08:11:26,142 - INFO - src.loader 54 -   Binario - 0: 642824, 1: 7385
2025-10-10 08:11:26,142 - INFO - src.loader 55 -   Distribución: 1.14% casos positivos
2025-10-10 08:11:43,924 - INFO - src.optimization_cv 223 - Iteración CV 92 guardada - Ganancia: 1,106,764,000
2025-10-10 08:11:45,637 - INFO - src.loader 33 - Convirtiendo clase_ternaria a target binario
2025-10-10 08:11:45,784 - INFO - src.loader 52 - Conversión completada:
2025-10-10 08:11:45,784 - INFO - src.loader 53 -   Original - CONTINUA: 642824, BAJA+1: 3447, BAJA+2: 3938
2025-10-10 08:11:45,784 - INFO - src.loader 54 -   Binario - 0: 642824, 1: 7385
2025-10-10 08:11:45,784 - INFO - src.loader 55 -   Distribución: 1.14% casos positivos
2025-10-10 08:12:00,963 - INFO - src.optimization_cv 223 - Iteración CV 93 guardada - Ganancia: 1,104,660,000
2025-10-10 08:12:02,819 - INFO - src.loader 33 - Convirtiendo clase_ternaria a target binario
2025-10-10 08:12:02,985 - INFO - src.loader 52 - Conversión completada:
2025-10-10 08:12:02,985 - INFO - src.loader 53 -   Original - CONTINUA: 642824, BAJA+1: 3447, BAJA+2: 3938
2025-10-10 08:12:02,985 - INFO - src.loader 54 -   Binario - 0: 642824, 1: 7385
2025-10-10 08:12:02,985 - INFO - src.loader 55 -   Distribución: 1.14% casos positivos
2025-10-10 08:12:10,607 - INFO - src.optimization_cv 223 - Iteración CV 94 guardada - Ganancia: 1,102,508,000
2025-10-10 08:12:12,298 - INFO - src.loader 33 - Convirtiendo clase_ternaria a target binario
2025-10-10 08:12:12,456 - INFO - src.loader 52 - Conversión completada:
2025-10-10 08:12:12,457 - INFO - src.loader 53 -   Original - CONTINUA: 642824, BAJA+1: 3447, BAJA+2: 3938
2025-10-10 08:12:12,457 - INFO - src.loader 54 -   Binario - 0: 642824, 1: 7385
2025-10-10 08:12:12,457 - INFO - src.loader 55 -   Distribución: 1.14% casos positivos
2025-10-10 08:12:23,659 - INFO - src.optimization_cv 223 - Iteración CV 95 guardada - Ganancia: 1,104,692,000
2025-10-10 08:12:25,460 - INFO - src.loader 33 - Convirtiendo clase_ternaria a target binario
2025-10-10 08:12:25,622 - INFO - src.loader 52 - Conversión completada:
2025-10-10 08:12:25,622 - INFO - src.loader 53 -   Original - CONTINUA: 642824, BAJA+1: 3447, BAJA+2: 3938
2025-10-10 08:12:25,622 - INFO - src.loader 54 -   Binario - 0: 642824, 1: 7385
2025-10-10 08:12:25,622 - INFO - src.loader 55 -   Distribución: 1.14% casos positivos
2025-10-10 08:12:36,909 - INFO - src.optimization_cv 223 - Iteración CV 96 guardada - Ganancia: 1,107,800,000
2025-10-10 08:12:38,805 - INFO - src.loader 33 - Convirtiendo clase_ternaria a target binario
2025-10-10 08:12:38,946 - INFO - src.loader 52 - Conversión completada:
2025-10-10 08:12:38,946 - INFO - src.loader 53 -   Original - CONTINUA: 642824, BAJA+1: 3447, BAJA+2: 3938
2025-10-10 08:12:38,946 - INFO - src.loader 54 -   Binario - 0: 642824, 1: 7385
2025-10-10 08:12:38,946 - INFO - src.loader 55 -   Distribución: 1.14% casos positivos
2025-10-10 08:12:48,123 - INFO - src.optimization_cv 223 - Iteración CV 97 guardada - Ganancia: 1,104,368,000
2025-10-10 08:12:49,751 - INFO - src.loader 33 - Convirtiendo clase_ternaria a target binario
2025-10-10 08:12:49,922 - INFO - src.loader 52 - Conversión completada:
2025-10-10 08:12:49,922 - INFO - src.loader 53 -   Original - CONTINUA: 642824, BAJA+1: 3447, BAJA+2: 3938
2025-10-10 08:12:49,922 - INFO - src.loader 54 -   Binario - 0: 642824, 1: 7385
2025-10-10 08:12:49,925 - INFO - src.loader 55 -   Distribución: 1.14% casos positivos
2025-10-10 08:13:05,722 - INFO - src.optimization_cv 223 - Iteración CV 98 guardada - Ganancia: 1,106,096,000
2025-10-10 08:13:07,356 - INFO - src.loader 33 - Convirtiendo clase_ternaria a target binario
2025-10-10 08:13:07,533 - INFO - src.loader 52 - Conversión completada:
2025-10-10 08:13:07,534 - INFO - src.loader 53 -   Original - CONTINUA: 642824, BAJA+1: 3447, BAJA+2: 3938
2025-10-10 08:13:07,534 - INFO - src.loader 54 -   Binario - 0: 642824, 1: 7385
2025-10-10 08:13:07,534 - INFO - src.loader 55 -   Distribución: 1.14% casos positivos
2025-10-10 08:13:19,120 - INFO - src.optimization_cv 223 - Iteración CV 99 guardada - Ganancia: 1,103,024,000
2025-10-10 08:13:19,145 - INFO - src.optimization_cv 252 - Optimización CV completada:
2025-10-10 08:13:19,146 - INFO - src.optimization_cv 253 -   Mejor ganancia promedio: 1,108,500,000
2025-10-10 08:13:19,146 - INFO - src.optimization_cv 254 -   Mejores parámetros: {'num_leaves': 249, 'learning_rate': 0.16998807802380042, 'feature_fraction': 0.5927276564372483, 'bagging_fraction': 0.7295321004156294, 'min_child_samples': 56, 'max_depth': 9, 'reg_alpha': 0.32887914288709735, 'reg_lambda': 5.933790912101683, 'bin': 31, 'min_data_in_leaf': 8, 'num_iterations': 372}
2025-10-10 08:13:19,156 - INFO - src.optimization_cv 255 -   Total trials: 100
2025-10-10 08:13:19,157 - INFO - __main__ 60 - === ANÁLISIS DE RESULTADOS ===
2025-10-10 08:13:19,170 - INFO - __main__ 64 - Top 5 mejores trials:
2025-10-10 08:13:19,170 - INFO - __main__ 66 -   Trial 75: 1,108,500,000
2025-10-10 08:13:19,170 - INFO - __main__ 66 -   Trial 86: 1,108,204,000
2025-10-10 08:13:19,172 - INFO - __main__ 66 -   Trial 96: 1,107,800,000
2025-10-10 08:13:19,172 - INFO - __main__ 66 -   Trial 33: 1,107,500,000
2025-10-10 08:13:19,172 - INFO - __main__ 66 -   Trial 42: 1,107,456,000
2025-10-10 08:13:19,172 - INFO - __main__ 68 - === OPTIMIZACIÓN COMPLETADA ===
2025-10-10 08:13:19,172 - INFO - __main__ 71 - === EVALUACIÓN EN CONJUNTO DE TEST ===
2025-10-10 08:13:19,172 - INFO - src.best_params 34 - Mejores hiperparámetros cargados desde resultados/Con_100trials_cv(us0.02)_iteraciones.json
2025-10-10 08:13:19,172 - INFO - src.best_params 35 - Mejor ganancia encontrada: 1,108,500,000
2025-10-10 08:13:19,172 - INFO - src.best_params 36 - Trial número: 75
2025-10-10 08:13:19,172 - INFO - src.best_params 37 - Parámetros: {'num_leaves': 249, 'learning_rate': 0.16998807802380042, 'feature_fraction': 0.5927276564372483, 'bagging_fraction': 0.7295321004156294, 'min_child_samples': 56, 'max_depth': 9, 'reg_alpha': 0.32887914288709735, 'reg_lambda': 5.933790912101683, 'bin': 31, 'min_data_in_leaf': 8, 'num_iterations': 372}
2025-10-10 08:13:19,172 - INFO - src.test_evaluation 36 - Período de test: 202104
2025-10-10 08:13:21,100 - INFO - src.loader 33 - Convirtiendo clase_ternaria a target binario
2025-10-10 08:13:21,344 - INFO - src.loader 52 - Conversión completada:
2025-10-10 08:13:21,346 - INFO - src.loader 53 -   Original - CONTINUA: 971054, BAJA+1: 3447, BAJA+2: 3938
2025-10-10 08:13:21,347 - INFO - src.loader 54 -   Binario - 0: 971054, 1: 7385
2025-10-10 08:13:21,347 - INFO - src.loader 55 -   Distribución: 0.75% casos positivos
2025-10-10 08:13:21,347 - INFO - src.loader 33 - Convirtiendo clase_ternaria a target binario
2025-10-10 08:13:21,584 - INFO - src.loader 52 - Conversión completada:
2025-10-10 08:13:21,585 - INFO - src.loader 53 -   Original - CONTINUA: 971054, BAJA+1: 3447, BAJA+2: 3938
2025-10-10 08:13:21,585 - INFO - src.loader 54 -   Binario - 0: 974501, 1: 3938
2025-10-10 08:13:21,585 - INFO - src.loader 55 -   Distribución: 0.40% casos positivos
2025-10-10 08:13:23,026 - INFO - src.test_evaluation 57 - Aplicando undersampling (ratio=0.02) en entrenamiento
2025-10-10 08:13:23,844 - INFO - src.test_evaluation 81 - Semilla de entrenamiento: 811157
2025-10-10 08:13:30,358 - INFO - src.test_evaluation 168 - Resultados guardados en resultados/Con_100trials_cv(us0.02)_test_results_20251010_081330.json
2025-10-10 08:13:30,359 - INFO - __main__ 84 - === RESUMEN DE EVALUACIÓN EN TEST ===
2025-10-10 08:13:30,359 - INFO - __main__ 85 - ✅ Ganancia en test: 2,147,467,296
2025-10-10 08:13:30,359 - INFO - __main__ 87 - === GRAFICO DE TEST ===
2025-10-10 08:13:30,359 - INFO - src.grafico_test 373 - === INICIANDO GENERACIÓN DE GRÁFICO DE TEST CON MÚLTIPLES SEMILLAS ===
2025-10-10 08:13:30,360 - INFO - src.best_params 34 - Mejores hiperparámetros cargados desde resultados/Con_100trials_cv(us0.02)_iteraciones.json
2025-10-10 08:13:30,360 - INFO - src.best_params 35 - Mejor ganancia encontrada: 1,108,500,000
2025-10-10 08:13:30,360 - INFO - src.best_params 36 - Trial número: 75
2025-10-10 08:13:30,360 - INFO - src.best_params 37 - Parámetros: {'num_leaves': 249, 'learning_rate': 0.16998807802380042, 'feature_fraction': 0.5927276564372483, 'bagging_fraction': 0.7295321004156294, 'min_child_samples': 56, 'max_depth': 9, 'reg_alpha': 0.32887914288709735, 'reg_lambda': 5.933790912101683, 'bin': 31, 'min_data_in_leaf': 8, 'num_iterations': 372}
2025-10-10 08:13:31,329 - INFO - src.loader 33 - Convirtiendo clase_ternaria a target binario
2025-10-10 08:13:31,503 - INFO - src.loader 52 - Conversión completada:
2025-10-10 08:13:31,503 - INFO - src.loader 53 -   Original - CONTINUA: 971054, BAJA+1: 3447, BAJA+2: 3938
2025-10-10 08:13:31,503 - INFO - src.loader 54 -   Binario - 0: 974501, 1: 3938
2025-10-10 08:13:31,503 - INFO - src.loader 55 -   Distribución: 0.40% casos positivos
2025-10-10 08:13:31,821 - INFO - src.grafico_test 393 - Entrenando con semilla 156071 (1/5)
2025-10-10 08:13:31,822 - INFO - src.test_evaluation 36 - Período de test: 202104
2025-10-10 08:13:33,454 - INFO - src.loader 33 - Convirtiendo clase_ternaria a target binario
2025-10-10 08:13:33,644 - INFO - src.loader 52 - Conversión completada:
2025-10-10 08:13:33,645 - INFO - src.loader 53 -   Original - CONTINUA: 971054, BAJA+1: 3447, BAJA+2: 3938
2025-10-10 08:13:33,645 - INFO - src.loader 54 -   Binario - 0: 971054, 1: 7385
2025-10-10 08:13:33,645 - INFO - src.loader 55 -   Distribución: 0.75% casos positivos
2025-10-10 08:13:33,646 - INFO - src.loader 33 - Convirtiendo clase_ternaria a target binario
2025-10-10 08:13:33,909 - INFO - src.loader 52 - Conversión completada:
2025-10-10 08:13:33,909 - INFO - src.loader 53 -   Original - CONTINUA: 971054, BAJA+1: 3447, BAJA+2: 3938
2025-10-10 08:13:33,909 - INFO - src.loader 54 -   Binario - 0: 974501, 1: 3938
2025-10-10 08:13:33,909 - INFO - src.loader 55 -   Distribución: 0.40% casos positivos
2025-10-10 08:13:35,486 - INFO - src.test_evaluation 57 - Aplicando undersampling (ratio=0.02) en entrenamiento
2025-10-10 08:13:36,270 - INFO - src.test_evaluation 81 - Semilla de entrenamiento: 156071
2025-10-10 08:17:02,028 - INFO - src.grafico_test 420 -   - Ganancia máxima con semilla 156071: 793,860,000
2025-10-10 08:17:02,028 - INFO - src.grafico_test 393 - Entrenando con semilla 712289 (2/5)
2025-10-10 08:17:02,028 - INFO - src.test_evaluation 36 - Período de test: 202104
2025-10-10 08:17:03,778 - INFO - src.loader 33 - Convirtiendo clase_ternaria a target binario
2025-10-10 08:17:04,002 - INFO - src.loader 52 - Conversión completada:
2025-10-10 08:17:04,002 - INFO - src.loader 53 -   Original - CONTINUA: 971054, BAJA+1: 3447, BAJA+2: 3938
2025-10-10 08:17:04,002 - INFO - src.loader 54 -   Binario - 0: 971054, 1: 7385
2025-10-10 08:17:04,002 - INFO - src.loader 55 -   Distribución: 0.75% casos positivos
2025-10-10 08:17:04,002 - INFO - src.loader 33 - Convirtiendo clase_ternaria a target binario
2025-10-10 08:17:04,162 - INFO - src.loader 52 - Conversión completada:
2025-10-10 08:17:04,162 - INFO - src.loader 53 -   Original - CONTINUA: 971054, BAJA+1: 3447, BAJA+2: 3938
2025-10-10 08:17:04,163 - INFO - src.loader 54 -   Binario - 0: 974501, 1: 3938
2025-10-10 08:17:04,163 - INFO - src.loader 55 -   Distribución: 0.40% casos positivos
2025-10-10 08:17:05,196 - INFO - src.test_evaluation 57 - Aplicando undersampling (ratio=0.02) en entrenamiento
2025-10-10 08:17:05,911 - INFO - src.test_evaluation 81 - Semilla de entrenamiento: 712289
2025-10-10 08:20:17,622 - INFO - src.grafico_test 420 -   - Ganancia máxima con semilla 712289: 790,880,000
2025-10-10 08:20:17,622 - INFO - src.grafico_test 393 - Entrenando con semilla 864077 (3/5)
2025-10-10 08:20:17,622 - INFO - src.test_evaluation 36 - Período de test: 202104
2025-10-10 08:20:19,029 - INFO - src.loader 33 - Convirtiendo clase_ternaria a target binario
2025-10-10 08:20:19,172 - INFO - src.loader 52 - Conversión completada:
2025-10-10 08:20:19,172 - INFO - src.loader 53 -   Original - CONTINUA: 971054, BAJA+1: 3447, BAJA+2: 3938
2025-10-10 08:20:19,172 - INFO - src.loader 54 -   Binario - 0: 971054, 1: 7385
2025-10-10 08:20:19,172 - INFO - src.loader 55 -   Distribución: 0.75% casos positivos
2025-10-10 08:20:19,172 - INFO - src.loader 33 - Convirtiendo clase_ternaria a target binario
2025-10-10 08:20:19,308 - INFO - src.loader 52 - Conversión completada:
2025-10-10 08:20:19,308 - INFO - src.loader 53 -   Original - CONTINUA: 971054, BAJA+1: 3447, BAJA+2: 3938
2025-10-10 08:20:19,308 - INFO - src.loader 54 -   Binario - 0: 974501, 1: 3938
2025-10-10 08:20:19,308 - INFO - src.loader 55 -   Distribución: 0.40% casos positivos
2025-10-10 08:20:20,363 - INFO - src.test_evaluation 57 - Aplicando undersampling (ratio=0.02) en entrenamiento
2025-10-10 08:20:20,926 - INFO - src.test_evaluation 81 - Semilla de entrenamiento: 864077
2025-10-10 08:23:25,479 - INFO - src.grafico_test 420 -   - Ganancia máxima con semilla 864077: 786,380,000
2025-10-10 08:23:25,479 - INFO - src.grafico_test 393 - Entrenando con semilla 921241 (4/5)
2025-10-10 08:23:25,480 - INFO - src.test_evaluation 36 - Período de test: 202104
2025-10-10 08:23:27,080 - INFO - src.loader 33 - Convirtiendo clase_ternaria a target binario
2025-10-10 08:23:27,208 - INFO - src.loader 52 - Conversión completada:
2025-10-10 08:23:27,208 - INFO - src.loader 53 -   Original - CONTINUA: 971054, BAJA+1: 3447, BAJA+2: 3938
2025-10-10 08:23:27,208 - INFO - src.loader 54 -   Binario - 0: 971054, 1: 7385
2025-10-10 08:23:27,208 - INFO - src.loader 55 -   Distribución: 0.75% casos positivos
2025-10-10 08:23:27,208 - INFO - src.loader 33 - Convirtiendo clase_ternaria a target binario
2025-10-10 08:23:27,413 - INFO - src.loader 52 - Conversión completada:
2025-10-10 08:23:27,416 - INFO - src.loader 53 -   Original - CONTINUA: 971054, BAJA+1: 3447, BAJA+2: 3938
2025-10-10 08:23:27,416 - INFO - src.loader 54 -   Binario - 0: 974501, 1: 3938
2025-10-10 08:23:27,416 - INFO - src.loader 55 -   Distribución: 0.40% casos positivos
2025-10-10 08:23:28,663 - INFO - src.test_evaluation 57 - Aplicando undersampling (ratio=0.02) en entrenamiento
2025-10-10 08:23:29,404 - INFO - src.test_evaluation 81 - Semilla de entrenamiento: 921241
2025-10-10 08:26:38,940 - INFO - src.grafico_test 420 -   - Ganancia máxima con semilla 921241: 786,180,000
2025-10-10 08:26:38,940 - INFO - src.grafico_test 393 - Entrenando con semilla 525727 (5/5)
2025-10-10 08:26:38,940 - INFO - src.test_evaluation 36 - Período de test: 202104
2025-10-10 08:26:40,601 - INFO - src.loader 33 - Convirtiendo clase_ternaria a target binario
2025-10-10 08:26:40,760 - INFO - src.loader 52 - Conversión completada:
2025-10-10 08:26:40,760 - INFO - src.loader 53 -   Original - CONTINUA: 971054, BAJA+1: 3447, BAJA+2: 3938
2025-10-10 08:26:40,760 - INFO - src.loader 54 -   Binario - 0: 971054, 1: 7385
2025-10-10 08:26:40,760 - INFO - src.loader 55 -   Distribución: 0.75% casos positivos
2025-10-10 08:26:40,760 - INFO - src.loader 33 - Convirtiendo clase_ternaria a target binario
2025-10-10 08:26:40,924 - INFO - src.loader 52 - Conversión completada:
2025-10-10 08:26:40,924 - INFO - src.loader 53 -   Original - CONTINUA: 971054, BAJA+1: 3447, BAJA+2: 3938
2025-10-10 08:26:40,924 - INFO - src.loader 54 -   Binario - 0: 974501, 1: 3938
2025-10-10 08:26:40,924 - INFO - src.loader 55 -   Distribución: 0.40% casos positivos
2025-10-10 08:26:42,123 - INFO - src.test_evaluation 57 - Aplicando undersampling (ratio=0.02) en entrenamiento
2025-10-10 08:26:42,803 - INFO - src.test_evaluation 81 - Semilla de entrenamiento: 525727
2025-10-10 08:29:51,674 - INFO - src.grafico_test 420 -   - Ganancia máxima con semilla 525727: 786,680,000
2025-10-10 08:29:51,674 - INFO - src.grafico_test 393 - Entrenando con semilla 897931 (6/5)
2025-10-10 08:29:51,674 - INFO - src.test_evaluation 36 - Período de test: 202104
2025-10-10 08:29:53,259 - INFO - src.loader 33 - Convirtiendo clase_ternaria a target binario
2025-10-10 08:29:53,422 - INFO - src.loader 52 - Conversión completada:
2025-10-10 08:29:53,422 - INFO - src.loader 53 -   Original - CONTINUA: 971054, BAJA+1: 3447, BAJA+2: 3938
2025-10-10 08:29:53,422 - INFO - src.loader 54 -   Binario - 0: 971054, 1: 7385
2025-10-10 08:29:53,423 - INFO - src.loader 55 -   Distribución: 0.75% casos positivos
2025-10-10 08:29:53,424 - INFO - src.loader 33 - Convirtiendo clase_ternaria a target binario
2025-10-10 08:29:53,619 - INFO - src.loader 52 - Conversión completada:
2025-10-10 08:29:53,619 - INFO - src.loader 53 -   Original - CONTINUA: 971054, BAJA+1: 3447, BAJA+2: 3938
2025-10-10 08:29:53,619 - INFO - src.loader 54 -   Binario - 0: 974501, 1: 3938
2025-10-10 08:29:53,619 - INFO - src.loader 55 -   Distribución: 0.40% casos positivos
2025-10-10 08:29:54,684 - INFO - src.test_evaluation 57 - Aplicando undersampling (ratio=0.02) en entrenamiento
2025-10-10 08:29:55,268 - INFO - src.test_evaluation 81 - Semilla de entrenamiento: 897931
2025-10-10 08:33:03,882 - INFO - src.grafico_test 420 -   - Ganancia máxima con semilla 897931: 791,800,000
2025-10-10 08:33:03,882 - INFO - src.grafico_test 393 - Entrenando con semilla 455701 (7/5)
2025-10-10 08:33:03,882 - INFO - src.test_evaluation 36 - Período de test: 202104
2025-10-10 08:33:05,606 - INFO - src.loader 33 - Convirtiendo clase_ternaria a target binario
2025-10-10 08:33:05,735 - INFO - src.loader 52 - Conversión completada:
2025-10-10 08:33:05,735 - INFO - src.loader 53 -   Original - CONTINUA: 971054, BAJA+1: 3447, BAJA+2: 3938
2025-10-10 08:33:05,735 - INFO - src.loader 54 -   Binario - 0: 971054, 1: 7385
2025-10-10 08:33:05,735 - INFO - src.loader 55 -   Distribución: 0.75% casos positivos
2025-10-10 08:33:05,735 - INFO - src.loader 33 - Convirtiendo clase_ternaria a target binario
2025-10-10 08:33:05,867 - INFO - src.loader 52 - Conversión completada:
2025-10-10 08:33:05,867 - INFO - src.loader 53 -   Original - CONTINUA: 971054, BAJA+1: 3447, BAJA+2: 3938
2025-10-10 08:33:05,867 - INFO - src.loader 54 -   Binario - 0: 974501, 1: 3938
2025-10-10 08:33:05,867 - INFO - src.loader 55 -   Distribución: 0.40% casos positivos
2025-10-10 08:33:07,044 - INFO - src.test_evaluation 57 - Aplicando undersampling (ratio=0.02) en entrenamiento
2025-10-10 08:33:07,734 - INFO - src.test_evaluation 81 - Semilla de entrenamiento: 455701
2025-10-10 08:36:16,361 - INFO - src.grafico_test 420 -   - Ganancia máxima con semilla 455701: 792,700,000
2025-10-10 08:36:16,361 - INFO - src.grafico_test 393 - Entrenando con semilla 942583 (8/5)
2025-10-10 08:36:16,361 - INFO - src.test_evaluation 36 - Período de test: 202104
2025-10-10 08:36:18,176 - INFO - src.loader 33 - Convirtiendo clase_ternaria a target binario
2025-10-10 08:36:18,364 - INFO - src.loader 52 - Conversión completada:
2025-10-10 08:36:18,364 - INFO - src.loader 53 -   Original - CONTINUA: 971054, BAJA+1: 3447, BAJA+2: 3938
2025-10-10 08:36:18,364 - INFO - src.loader 54 -   Binario - 0: 971054, 1: 7385
2025-10-10 08:36:18,364 - INFO - src.loader 55 -   Distribución: 0.75% casos positivos
2025-10-10 08:36:18,364 - INFO - src.loader 33 - Convirtiendo clase_ternaria a target binario
2025-10-10 08:36:18,537 - INFO - src.loader 52 - Conversión completada:
2025-10-10 08:36:18,537 - INFO - src.loader 53 -   Original - CONTINUA: 971054, BAJA+1: 3447, BAJA+2: 3938
2025-10-10 08:36:18,537 - INFO - src.loader 54 -   Binario - 0: 974501, 1: 3938
2025-10-10 08:36:18,537 - INFO - src.loader 55 -   Distribución: 0.40% casos positivos
2025-10-10 08:36:19,761 - INFO - src.test_evaluation 57 - Aplicando undersampling (ratio=0.02) en entrenamiento
2025-10-10 08:36:20,552 - INFO - src.test_evaluation 81 - Semilla de entrenamiento: 942583
2025-10-10 08:39:32,203 - INFO - src.grafico_test 420 -   - Ganancia máxima con semilla 942583: 788,300,000
2025-10-10 08:39:32,203 - INFO - src.grafico_test 393 - Entrenando con semilla 570403 (9/5)
2025-10-10 08:39:32,205 - INFO - src.test_evaluation 36 - Período de test: 202104
2025-10-10 08:39:33,860 - INFO - src.loader 33 - Convirtiendo clase_ternaria a target binario
2025-10-10 08:39:34,010 - INFO - src.loader 52 - Conversión completada:
2025-10-10 08:39:34,010 - INFO - src.loader 53 -   Original - CONTINUA: 971054, BAJA+1: 3447, BAJA+2: 3938
2025-10-10 08:39:34,010 - INFO - src.loader 54 -   Binario - 0: 971054, 1: 7385
2025-10-10 08:39:34,010 - INFO - src.loader 55 -   Distribución: 0.75% casos positivos
2025-10-10 08:39:34,010 - INFO - src.loader 33 - Convirtiendo clase_ternaria a target binario
2025-10-10 08:39:34,157 - INFO - src.loader 52 - Conversión completada:
2025-10-10 08:39:34,158 - INFO - src.loader 53 -   Original - CONTINUA: 971054, BAJA+1: 3447, BAJA+2: 3938
2025-10-10 08:39:34,158 - INFO - src.loader 54 -   Binario - 0: 974501, 1: 3938
2025-10-10 08:39:34,158 - INFO - src.loader 55 -   Distribución: 0.40% casos positivos
2025-10-10 08:39:35,236 - INFO - src.test_evaluation 57 - Aplicando undersampling (ratio=0.02) en entrenamiento
2025-10-10 08:39:35,850 - INFO - src.test_evaluation 81 - Semilla de entrenamiento: 570403
2025-10-10 08:42:46,103 - INFO - src.grafico_test 420 -   - Ganancia máxima con semilla 570403: 793,240,000
2025-10-10 08:42:46,103 - INFO - src.grafico_test 393 - Entrenando con semilla 547399 (10/5)
2025-10-10 08:42:46,103 - INFO - src.test_evaluation 36 - Período de test: 202104
2025-10-10 08:42:47,775 - INFO - src.loader 33 - Convirtiendo clase_ternaria a target binario
2025-10-10 08:42:47,942 - INFO - src.loader 52 - Conversión completada:
2025-10-10 08:42:47,942 - INFO - src.loader 53 -   Original - CONTINUA: 971054, BAJA+1: 3447, BAJA+2: 3938
2025-10-10 08:42:47,943 - INFO - src.loader 54 -   Binario - 0: 971054, 1: 7385
2025-10-10 08:42:47,943 - INFO - src.loader 55 -   Distribución: 0.75% casos positivos
2025-10-10 08:42:47,943 - INFO - src.loader 33 - Convirtiendo clase_ternaria a target binario
2025-10-10 08:42:48,086 - INFO - src.loader 52 - Conversión completada:
2025-10-10 08:42:48,086 - INFO - src.loader 53 -   Original - CONTINUA: 971054, BAJA+1: 3447, BAJA+2: 3938
2025-10-10 08:42:48,086 - INFO - src.loader 54 -   Binario - 0: 974501, 1: 3938
2025-10-10 08:42:48,086 - INFO - src.loader 55 -   Distribución: 0.40% casos positivos
2025-10-10 08:42:49,201 - INFO - src.test_evaluation 57 - Aplicando undersampling (ratio=0.02) en entrenamiento
2025-10-10 08:42:49,905 - INFO - src.test_evaluation 81 - Semilla de entrenamiento: 547399
2025-10-10 08:46:01,950 - INFO - src.grafico_test 420 -   - Ganancia máxima con semilla 547399: 784,540,000
2025-10-10 08:46:01,950 - INFO - src.grafico_test 393 - Entrenando con semilla 516227 (11/5)
2025-10-10 08:46:01,950 - INFO - src.test_evaluation 36 - Período de test: 202104
2025-10-10 08:46:03,520 - INFO - src.loader 33 - Convirtiendo clase_ternaria a target binario
2025-10-10 08:46:03,716 - INFO - src.loader 52 - Conversión completada:
2025-10-10 08:46:03,716 - INFO - src.loader 53 -   Original - CONTINUA: 971054, BAJA+1: 3447, BAJA+2: 3938
2025-10-10 08:46:03,716 - INFO - src.loader 54 -   Binario - 0: 971054, 1: 7385
2025-10-10 08:46:03,716 - INFO - src.loader 55 -   Distribución: 0.75% casos positivos
2025-10-10 08:46:03,717 - INFO - src.loader 33 - Convirtiendo clase_ternaria a target binario
2025-10-10 08:46:03,883 - INFO - src.loader 52 - Conversión completada:
2025-10-10 08:46:03,884 - INFO - src.loader 53 -   Original - CONTINUA: 971054, BAJA+1: 3447, BAJA+2: 3938
2025-10-10 08:46:03,884 - INFO - src.loader 54 -   Binario - 0: 974501, 1: 3938
2025-10-10 08:46:03,884 - INFO - src.loader 55 -   Distribución: 0.40% casos positivos
2025-10-10 08:46:05,096 - INFO - src.test_evaluation 57 - Aplicando undersampling (ratio=0.02) en entrenamiento
2025-10-10 08:46:05,682 - INFO - src.test_evaluation 81 - Semilla de entrenamiento: 516227
2025-10-10 08:49:12,458 - INFO - src.grafico_test 420 -   - Ganancia máxima con semilla 516227: 786,440,000
2025-10-10 08:49:12,458 - INFO - src.grafico_test 393 - Entrenando con semilla 246889 (12/5)
2025-10-10 08:49:12,458 - INFO - src.test_evaluation 36 - Período de test: 202104
2025-10-10 08:49:14,072 - INFO - src.loader 33 - Convirtiendo clase_ternaria a target binario
2025-10-10 08:49:14,234 - INFO - src.loader 52 - Conversión completada:
2025-10-10 08:49:14,236 - INFO - src.loader 53 -   Original - CONTINUA: 971054, BAJA+1: 3447, BAJA+2: 3938
2025-10-10 08:49:14,236 - INFO - src.loader 54 -   Binario - 0: 971054, 1: 7385
2025-10-10 08:49:14,236 - INFO - src.loader 55 -   Distribución: 0.75% casos positivos
2025-10-10 08:49:14,236 - INFO - src.loader 33 - Convirtiendo clase_ternaria a target binario
2025-10-10 08:49:14,408 - INFO - src.loader 52 - Conversión completada:
2025-10-10 08:49:14,408 - INFO - src.loader 53 -   Original - CONTINUA: 971054, BAJA+1: 3447, BAJA+2: 3938
2025-10-10 08:49:14,408 - INFO - src.loader 54 -   Binario - 0: 974501, 1: 3938
2025-10-10 08:49:14,408 - INFO - src.loader 55 -   Distribución: 0.40% casos positivos
2025-10-10 08:49:15,786 - INFO - src.test_evaluation 57 - Aplicando undersampling (ratio=0.02) en entrenamiento
2025-10-10 08:49:16,453 - INFO - src.test_evaluation 81 - Semilla de entrenamiento: 246889
2025-10-10 08:52:25,085 - INFO - src.grafico_test 420 -   - Ganancia máxima con semilla 246889: 780,020,000
2025-10-10 08:52:25,085 - INFO - src.grafico_test 393 - Entrenando con semilla 652033 (13/5)
2025-10-10 08:52:25,085 - INFO - src.test_evaluation 36 - Período de test: 202104
2025-10-10 08:52:26,620 - INFO - src.loader 33 - Convirtiendo clase_ternaria a target binario
2025-10-10 08:52:26,748 - INFO - src.loader 52 - Conversión completada:
2025-10-10 08:52:26,748 - INFO - src.loader 53 -   Original - CONTINUA: 971054, BAJA+1: 3447, BAJA+2: 3938
2025-10-10 08:52:26,749 - INFO - src.loader 54 -   Binario - 0: 971054, 1: 7385
2025-10-10 08:52:26,749 - INFO - src.loader 55 -   Distribución: 0.75% casos positivos
2025-10-10 08:52:26,749 - INFO - src.loader 33 - Convirtiendo clase_ternaria a target binario
2025-10-10 08:52:26,898 - INFO - src.loader 52 - Conversión completada:
2025-10-10 08:52:26,898 - INFO - src.loader 53 -   Original - CONTINUA: 971054, BAJA+1: 3447, BAJA+2: 3938
2025-10-10 08:52:26,898 - INFO - src.loader 54 -   Binario - 0: 974501, 1: 3938
2025-10-10 08:52:26,898 - INFO - src.loader 55 -   Distribución: 0.40% casos positivos
2025-10-10 08:52:27,909 - INFO - src.test_evaluation 57 - Aplicando undersampling (ratio=0.02) en entrenamiento
2025-10-10 08:52:28,530 - INFO - src.test_evaluation 81 - Semilla de entrenamiento: 652033
2025-10-10 08:55:33,811 - INFO - src.grafico_test 420 -   - Ganancia máxima con semilla 652033: 785,040,000
2025-10-10 08:55:33,812 - INFO - src.grafico_test 393 - Entrenando con semilla 754717 (14/5)
2025-10-10 08:55:33,812 - INFO - src.test_evaluation 36 - Período de test: 202104
2025-10-10 08:55:35,545 - INFO - src.loader 33 - Convirtiendo clase_ternaria a target binario
2025-10-10 08:55:35,690 - INFO - src.loader 52 - Conversión completada:
2025-10-10 08:55:35,691 - INFO - src.loader 53 -   Original - CONTINUA: 971054, BAJA+1: 3447, BAJA+2: 3938
2025-10-10 08:55:35,691 - INFO - src.loader 54 -   Binario - 0: 971054, 1: 7385
2025-10-10 08:55:35,691 - INFO - src.loader 55 -   Distribución: 0.75% casos positivos
2025-10-10 08:55:35,693 - INFO - src.loader 33 - Convirtiendo clase_ternaria a target binario
2025-10-10 08:55:35,831 - INFO - src.loader 52 - Conversión completada:
2025-10-10 08:55:35,831 - INFO - src.loader 53 -   Original - CONTINUA: 971054, BAJA+1: 3447, BAJA+2: 3938
2025-10-10 08:55:35,831 - INFO - src.loader 54 -   Binario - 0: 974501, 1: 3938
2025-10-10 08:55:35,831 - INFO - src.loader 55 -   Distribución: 0.40% casos positivos
2025-10-10 08:55:36,855 - INFO - src.test_evaluation 57 - Aplicando undersampling (ratio=0.02) en entrenamiento
2025-10-10 08:55:37,603 - INFO - src.test_evaluation 81 - Semilla de entrenamiento: 754717
2025-10-10 08:58:43,292 - INFO - src.grafico_test 420 -   - Ganancia máxima con semilla 754717: 783,920,000
2025-10-10 08:58:43,293 - INFO - src.grafico_test 393 - Entrenando con semilla 764783 (15/5)
2025-10-10 08:58:43,293 - INFO - src.test_evaluation 36 - Período de test: 202104
2025-10-10 08:58:44,849 - INFO - src.loader 33 - Convirtiendo clase_ternaria a target binario
2025-10-10 08:58:45,049 - INFO - src.loader 52 - Conversión completada:
2025-10-10 08:58:45,049 - INFO - src.loader 53 -   Original - CONTINUA: 971054, BAJA+1: 3447, BAJA+2: 3938
2025-10-10 08:58:45,049 - INFO - src.loader 54 -   Binario - 0: 971054, 1: 7385
2025-10-10 08:58:45,049 - INFO - src.loader 55 -   Distribución: 0.75% casos positivos
2025-10-10 08:58:45,049 - INFO - src.loader 33 - Convirtiendo clase_ternaria a target binario
2025-10-10 08:58:45,248 - INFO - src.loader 52 - Conversión completada:
2025-10-10 08:58:45,249 - INFO - src.loader 53 -   Original - CONTINUA: 971054, BAJA+1: 3447, BAJA+2: 3938
2025-10-10 08:58:45,249 - INFO - src.loader 54 -   Binario - 0: 974501, 1: 3938
2025-10-10 08:58:45,249 - INFO - src.loader 55 -   Distribución: 0.40% casos positivos
2025-10-10 08:58:46,351 - INFO - src.test_evaluation 57 - Aplicando undersampling (ratio=0.02) en entrenamiento
2025-10-10 08:58:47,038 - INFO - src.test_evaluation 81 - Semilla de entrenamiento: 764783
2025-10-10 09:01:46,258 - INFO - src.grafico_test 420 -   - Ganancia máxima con semilla 764783: 790,660,000
2025-10-10 09:01:46,258 - INFO - src.grafico_test 393 - Entrenando con semilla 792397 (16/5)
2025-10-10 09:01:46,258 - INFO - src.test_evaluation 36 - Período de test: 202104
2025-10-10 09:01:47,907 - INFO - src.loader 33 - Convirtiendo clase_ternaria a target binario
2025-10-10 09:01:48,070 - INFO - src.loader 52 - Conversión completada:
2025-10-10 09:01:48,070 - INFO - src.loader 53 -   Original - CONTINUA: 971054, BAJA+1: 3447, BAJA+2: 3938
2025-10-10 09:01:48,070 - INFO - src.loader 54 -   Binario - 0: 971054, 1: 7385
2025-10-10 09:01:48,070 - INFO - src.loader 55 -   Distribución: 0.75% casos positivos
2025-10-10 09:01:48,070 - INFO - src.loader 33 - Convirtiendo clase_ternaria a target binario
2025-10-10 09:01:48,238 - INFO - src.loader 52 - Conversión completada:
2025-10-10 09:01:48,238 - INFO - src.loader 53 -   Original - CONTINUA: 971054, BAJA+1: 3447, BAJA+2: 3938
2025-10-10 09:01:48,238 - INFO - src.loader 54 -   Binario - 0: 974501, 1: 3938
2025-10-10 09:01:48,239 - INFO - src.loader 55 -   Distribución: 0.40% casos positivos
2025-10-10 09:01:49,456 - INFO - src.test_evaluation 57 - Aplicando undersampling (ratio=0.02) en entrenamiento
2025-10-10 09:01:50,084 - INFO - src.test_evaluation 81 - Semilla de entrenamiento: 792397
2025-10-10 09:04:51,996 - INFO - src.grafico_test 420 -   - Ganancia máxima con semilla 792397: 796,200,000
2025-10-10 09:04:51,996 - INFO - src.grafico_test 393 - Entrenando con semilla 483629 (17/5)
2025-10-10 09:04:51,996 - INFO - src.test_evaluation 36 - Período de test: 202104
2025-10-10 09:04:53,726 - INFO - src.loader 33 - Convirtiendo clase_ternaria a target binario
2025-10-10 09:04:53,917 - INFO - src.loader 52 - Conversión completada:
2025-10-10 09:04:53,917 - INFO - src.loader 53 -   Original - CONTINUA: 971054, BAJA+1: 3447, BAJA+2: 3938
2025-10-10 09:04:53,918 - INFO - src.loader 54 -   Binario - 0: 971054, 1: 7385
2025-10-10 09:04:53,918 - INFO - src.loader 55 -   Distribución: 0.75% casos positivos
2025-10-10 09:04:53,918 - INFO - src.loader 33 - Convirtiendo clase_ternaria a target binario
2025-10-10 09:04:54,041 - INFO - src.loader 52 - Conversión completada:
2025-10-10 09:04:54,041 - INFO - src.loader 53 -   Original - CONTINUA: 971054, BAJA+1: 3447, BAJA+2: 3938
2025-10-10 09:04:54,043 - INFO - src.loader 54 -   Binario - 0: 974501, 1: 3938
2025-10-10 09:04:54,043 - INFO - src.loader 55 -   Distribución: 0.40% casos positivos
2025-10-10 09:04:55,210 - INFO - src.test_evaluation 57 - Aplicando undersampling (ratio=0.02) en entrenamiento
2025-10-10 09:04:55,903 - INFO - src.test_evaluation 81 - Semilla de entrenamiento: 483629
2025-10-10 09:07:55,414 - INFO - src.grafico_test 420 -   - Ganancia máxima con semilla 483629: 790,660,000
2025-10-10 09:07:55,414 - INFO - src.grafico_test 393 - Entrenando con semilla 217559 (18/5)
2025-10-10 09:07:55,415 - INFO - src.test_evaluation 36 - Período de test: 202104
2025-10-10 09:07:57,019 - INFO - src.loader 33 - Convirtiendo clase_ternaria a target binario
2025-10-10 09:07:57,200 - INFO - src.loader 52 - Conversión completada:
2025-10-10 09:07:57,201 - INFO - src.loader 53 -   Original - CONTINUA: 971054, BAJA+1: 3447, BAJA+2: 3938
2025-10-10 09:07:57,201 - INFO - src.loader 54 -   Binario - 0: 971054, 1: 7385
2025-10-10 09:07:57,201 - INFO - src.loader 55 -   Distribución: 0.75% casos positivos
2025-10-10 09:07:57,201 - INFO - src.loader 33 - Convirtiendo clase_ternaria a target binario
2025-10-10 09:07:57,371 - INFO - src.loader 52 - Conversión completada:
2025-10-10 09:07:57,371 - INFO - src.loader 53 -   Original - CONTINUA: 971054, BAJA+1: 3447, BAJA+2: 3938
2025-10-10 09:07:57,373 - INFO - src.loader 54 -   Binario - 0: 974501, 1: 3938
2025-10-10 09:07:57,373 - INFO - src.loader 55 -   Distribución: 0.40% casos positivos
2025-10-10 09:07:58,466 - INFO - src.test_evaluation 57 - Aplicando undersampling (ratio=0.02) en entrenamiento
2025-10-10 09:07:59,116 - INFO - src.test_evaluation 81 - Semilla de entrenamiento: 217559
2025-10-10 09:10:59,801 - INFO - src.grafico_test 420 -   - Ganancia máxima con semilla 217559: 788,380,000
2025-10-10 09:10:59,804 - INFO - src.grafico_test 393 - Entrenando con semilla 634597 (19/5)
2025-10-10 09:10:59,805 - INFO - src.test_evaluation 36 - Período de test: 202104
2025-10-10 09:11:01,314 - INFO - src.loader 33 - Convirtiendo clase_ternaria a target binario
2025-10-10 09:11:01,496 - INFO - src.loader 52 - Conversión completada:
2025-10-10 09:11:01,496 - INFO - src.loader 53 -   Original - CONTINUA: 971054, BAJA+1: 3447, BAJA+2: 3938
2025-10-10 09:11:01,496 - INFO - src.loader 54 -   Binario - 0: 971054, 1: 7385
2025-10-10 09:11:01,496 - INFO - src.loader 55 -   Distribución: 0.75% casos positivos
2025-10-10 09:11:01,496 - INFO - src.loader 33 - Convirtiendo clase_ternaria a target binario
2025-10-10 09:11:01,695 - INFO - src.loader 52 - Conversión completada:
2025-10-10 09:11:01,695 - INFO - src.loader 53 -   Original - CONTINUA: 971054, BAJA+1: 3447, BAJA+2: 3938
2025-10-10 09:11:01,695 - INFO - src.loader 54 -   Binario - 0: 974501, 1: 3938
2025-10-10 09:11:01,695 - INFO - src.loader 55 -   Distribución: 0.40% casos positivos
2025-10-10 09:11:02,798 - INFO - src.test_evaluation 57 - Aplicando undersampling (ratio=0.02) en entrenamiento
2025-10-10 09:11:03,468 - INFO - src.test_evaluation 81 - Semilla de entrenamiento: 634597
2025-10-10 09:14:06,791 - INFO - src.grafico_test 420 -   - Ganancia máxima con semilla 634597: 792,420,000
2025-10-10 09:14:06,791 - INFO - src.grafico_test 393 - Entrenando con semilla 435037 (20/5)
2025-10-10 09:14:06,791 - INFO - src.test_evaluation 36 - Período de test: 202104
2025-10-10 09:14:08,676 - INFO - src.loader 33 - Convirtiendo clase_ternaria a target binario
2025-10-10 09:14:08,822 - INFO - src.loader 52 - Conversión completada:
2025-10-10 09:14:08,822 - INFO - src.loader 53 -   Original - CONTINUA: 971054, BAJA+1: 3447, BAJA+2: 3938
2025-10-10 09:14:08,822 - INFO - src.loader 54 -   Binario - 0: 971054, 1: 7385
2025-10-10 09:14:08,822 - INFO - src.loader 55 -   Distribución: 0.75% casos positivos
2025-10-10 09:14:08,822 - INFO - src.loader 33 - Convirtiendo clase_ternaria a target binario
2025-10-10 09:14:09,021 - INFO - src.loader 52 - Conversión completada:
2025-10-10 09:14:09,021 - INFO - src.loader 53 -   Original - CONTINUA: 971054, BAJA+1: 3447, BAJA+2: 3938
2025-10-10 09:14:09,022 - INFO - src.loader 54 -   Binario - 0: 974501, 1: 3938
2025-10-10 09:14:09,022 - INFO - src.loader 55 -   Distribución: 0.40% casos positivos
2025-10-10 09:14:10,147 - INFO - src.test_evaluation 57 - Aplicando undersampling (ratio=0.02) en entrenamiento
2025-10-10 09:14:10,772 - INFO - src.test_evaluation 81 - Semilla de entrenamiento: 435037
2025-10-10 09:17:10,844 - INFO - src.grafico_test 420 -   - Ganancia máxima con semilla 435037: 781,960,000
2025-10-10 09:17:10,844 - INFO - src.grafico_test 393 - Entrenando con semilla 695939 (21/5)
2025-10-10 09:17:10,845 - INFO - src.test_evaluation 36 - Período de test: 202104
2025-10-10 09:17:12,530 - INFO - src.loader 33 - Convirtiendo clase_ternaria a target binario
2025-10-10 09:17:12,744 - INFO - src.loader 52 - Conversión completada:
2025-10-10 09:17:12,744 - INFO - src.loader 53 -   Original - CONTINUA: 971054, BAJA+1: 3447, BAJA+2: 3938
2025-10-10 09:17:12,744 - INFO - src.loader 54 -   Binario - 0: 971054, 1: 7385
2025-10-10 09:17:12,744 - INFO - src.loader 55 -   Distribución: 0.75% casos positivos
2025-10-10 09:17:12,744 - INFO - src.loader 33 - Convirtiendo clase_ternaria a target binario
2025-10-10 09:17:12,895 - INFO - src.loader 52 - Conversión completada:
2025-10-10 09:17:12,895 - INFO - src.loader 53 -   Original - CONTINUA: 971054, BAJA+1: 3447, BAJA+2: 3938
2025-10-10 09:17:12,895 - INFO - src.loader 54 -   Binario - 0: 974501, 1: 3938
2025-10-10 09:17:12,895 - INFO - src.loader 55 -   Distribución: 0.40% casos positivos
2025-10-10 09:17:13,975 - INFO - src.test_evaluation 57 - Aplicando undersampling (ratio=0.02) en entrenamiento
2025-10-10 09:17:14,574 - INFO - src.test_evaluation 81 - Semilla de entrenamiento: 695939
2025-10-10 09:20:18,847 - INFO - src.grafico_test 420 -   - Ganancia máxima con semilla 695939: 795,240,000
2025-10-10 09:20:18,847 - INFO - src.grafico_test 393 - Entrenando con semilla 786053 (22/5)
2025-10-10 09:20:18,847 - INFO - src.test_evaluation 36 - Período de test: 202104
2025-10-10 09:20:20,619 - INFO - src.loader 33 - Convirtiendo clase_ternaria a target binario
2025-10-10 09:20:20,769 - INFO - src.loader 52 - Conversión completada:
2025-10-10 09:20:20,769 - INFO - src.loader 53 -   Original - CONTINUA: 971054, BAJA+1: 3447, BAJA+2: 3938
2025-10-10 09:20:20,769 - INFO - src.loader 54 -   Binario - 0: 971054, 1: 7385
2025-10-10 09:20:20,769 - INFO - src.loader 55 -   Distribución: 0.75% casos positivos
2025-10-10 09:20:20,769 - INFO - src.loader 33 - Convirtiendo clase_ternaria a target binario
2025-10-10 09:20:20,909 - INFO - src.loader 52 - Conversión completada:
2025-10-10 09:20:20,909 - INFO - src.loader 53 -   Original - CONTINUA: 971054, BAJA+1: 3447, BAJA+2: 3938
2025-10-10 09:20:20,909 - INFO - src.loader 54 -   Binario - 0: 974501, 1: 3938
2025-10-10 09:20:20,909 - INFO - src.loader 55 -   Distribución: 0.40% casos positivos
2025-10-10 09:20:22,013 - INFO - src.test_evaluation 57 - Aplicando undersampling (ratio=0.02) en entrenamiento
2025-10-10 09:20:22,597 - INFO - src.test_evaluation 81 - Semilla de entrenamiento: 786053
2025-10-10 09:23:23,657 - INFO - src.grafico_test 420 -   - Ganancia máxima con semilla 786053: 792,360,000
2025-10-10 09:23:23,658 - INFO - src.grafico_test 393 - Entrenando con semilla 338119 (23/5)
2025-10-10 09:23:23,658 - INFO - src.test_evaluation 36 - Período de test: 202104
2025-10-10 09:23:25,260 - INFO - src.loader 33 - Convirtiendo clase_ternaria a target binario
2025-10-10 09:23:25,478 - INFO - src.loader 52 - Conversión completada:
2025-10-10 09:23:25,478 - INFO - src.loader 53 -   Original - CONTINUA: 971054, BAJA+1: 3447, BAJA+2: 3938
2025-10-10 09:23:25,478 - INFO - src.loader 54 -   Binario - 0: 971054, 1: 7385
2025-10-10 09:23:25,479 - INFO - src.loader 55 -   Distribución: 0.75% casos positivos
2025-10-10 09:23:25,479 - INFO - src.loader 33 - Convirtiendo clase_ternaria a target binario
2025-10-10 09:23:25,630 - INFO - src.loader 52 - Conversión completada:
2025-10-10 09:23:25,630 - INFO - src.loader 53 -   Original - CONTINUA: 971054, BAJA+1: 3447, BAJA+2: 3938
2025-10-10 09:23:25,630 - INFO - src.loader 54 -   Binario - 0: 974501, 1: 3938
2025-10-10 09:23:25,630 - INFO - src.loader 55 -   Distribución: 0.40% casos positivos
2025-10-10 09:23:26,683 - INFO - src.test_evaluation 57 - Aplicando undersampling (ratio=0.02) en entrenamiento
2025-10-10 09:23:27,275 - INFO - src.test_evaluation 81 - Semilla de entrenamiento: 338119
2025-10-10 09:26:34,899 - INFO - src.grafico_test 420 -   - Ganancia máxima con semilla 338119: 782,340,000
2025-10-10 09:26:34,899 - INFO - src.grafico_test 393 - Entrenando con semilla 139861 (24/5)
2025-10-10 09:26:34,899 - INFO - src.test_evaluation 36 - Período de test: 202104
2025-10-10 09:26:36,647 - INFO - src.loader 33 - Convirtiendo clase_ternaria a target binario
2025-10-10 09:26:36,785 - INFO - src.loader 52 - Conversión completada:
2025-10-10 09:26:36,788 - INFO - src.loader 53 -   Original - CONTINUA: 971054, BAJA+1: 3447, BAJA+2: 3938
2025-10-10 09:26:36,788 - INFO - src.loader 54 -   Binario - 0: 971054, 1: 7385
2025-10-10 09:26:36,788 - INFO - src.loader 55 -   Distribución: 0.75% casos positivos
2025-10-10 09:26:36,788 - INFO - src.loader 33 - Convirtiendo clase_ternaria a target binario
2025-10-10 09:26:36,914 - INFO - src.loader 52 - Conversión completada:
2025-10-10 09:26:36,914 - INFO - src.loader 53 -   Original - CONTINUA: 971054, BAJA+1: 3447, BAJA+2: 3938
2025-10-10 09:26:36,914 - INFO - src.loader 54 -   Binario - 0: 974501, 1: 3938
2025-10-10 09:26:36,914 - INFO - src.loader 55 -   Distribución: 0.40% casos positivos
2025-10-10 09:26:38,171 - INFO - src.test_evaluation 57 - Aplicando undersampling (ratio=0.02) en entrenamiento
2025-10-10 09:26:38,849 - INFO - src.test_evaluation 81 - Semilla de entrenamiento: 139861
2025-10-10 09:29:43,402 - INFO - src.grafico_test 420 -   - Ganancia máxima con semilla 139861: 783,520,000
2025-10-10 09:29:43,402 - INFO - src.grafico_test 393 - Entrenando con semilla 514453 (25/5)
2025-10-10 09:29:43,403 - INFO - src.test_evaluation 36 - Período de test: 202104
2025-10-10 09:29:45,183 - INFO - src.loader 33 - Convirtiendo clase_ternaria a target binario
2025-10-10 09:29:45,321 - INFO - src.loader 52 - Conversión completada:
2025-10-10 09:29:45,323 - INFO - src.loader 53 -   Original - CONTINUA: 971054, BAJA+1: 3447, BAJA+2: 3938
2025-10-10 09:29:45,323 - INFO - src.loader 54 -   Binario - 0: 971054, 1: 7385
2025-10-10 09:29:45,323 - INFO - src.loader 55 -   Distribución: 0.75% casos positivos
2025-10-10 09:29:45,323 - INFO - src.loader 33 - Convirtiendo clase_ternaria a target binario
2025-10-10 09:29:45,513 - INFO - src.loader 52 - Conversión completada:
2025-10-10 09:29:45,513 - INFO - src.loader 53 -   Original - CONTINUA: 971054, BAJA+1: 3447, BAJA+2: 3938
2025-10-10 09:29:45,514 - INFO - src.loader 54 -   Binario - 0: 974501, 1: 3938
2025-10-10 09:29:45,514 - INFO - src.loader 55 -   Distribución: 0.40% casos positivos
2025-10-10 09:29:46,707 - INFO - src.test_evaluation 57 - Aplicando undersampling (ratio=0.02) en entrenamiento
2025-10-10 09:29:47,335 - INFO - src.test_evaluation 81 - Semilla de entrenamiento: 514453
2025-10-10 09:32:56,800 - INFO - src.grafico_test 420 -   - Ganancia máxima con semilla 514453: 786,560,000
2025-10-10 09:32:56,800 - INFO - src.grafico_test 393 - Entrenando con semilla 116639 (26/5)
2025-10-10 09:32:56,802 - INFO - src.test_evaluation 36 - Período de test: 202104
2025-10-10 09:32:58,563 - INFO - src.loader 33 - Convirtiendo clase_ternaria a target binario
2025-10-10 09:32:58,717 - INFO - src.loader 52 - Conversión completada:
2025-10-10 09:32:58,717 - INFO - src.loader 53 -   Original - CONTINUA: 971054, BAJA+1: 3447, BAJA+2: 3938
2025-10-10 09:32:58,717 - INFO - src.loader 54 -   Binario - 0: 971054, 1: 7385
2025-10-10 09:32:58,717 - INFO - src.loader 55 -   Distribución: 0.75% casos positivos
2025-10-10 09:32:58,718 - INFO - src.loader 33 - Convirtiendo clase_ternaria a target binario
2025-10-10 09:32:58,902 - INFO - src.loader 52 - Conversión completada:
2025-10-10 09:32:58,902 - INFO - src.loader 53 -   Original - CONTINUA: 971054, BAJA+1: 3447, BAJA+2: 3938
2025-10-10 09:32:58,902 - INFO - src.loader 54 -   Binario - 0: 974501, 1: 3938
2025-10-10 09:32:58,902 - INFO - src.loader 55 -   Distribución: 0.40% casos positivos
2025-10-10 09:33:00,149 - INFO - src.test_evaluation 57 - Aplicando undersampling (ratio=0.02) en entrenamiento
2025-10-10 09:33:00,872 - INFO - src.test_evaluation 81 - Semilla de entrenamiento: 116639
2025-10-10 09:36:05,269 - INFO - src.grafico_test 420 -   - Ganancia máxima con semilla 116639: 788,960,000
2025-10-10 09:36:05,270 - INFO - src.grafico_test 393 - Entrenando con semilla 516319 (27/5)
2025-10-10 09:36:05,271 - INFO - src.test_evaluation 36 - Período de test: 202104
2025-10-10 09:36:07,175 - INFO - src.loader 33 - Convirtiendo clase_ternaria a target binario
2025-10-10 09:36:07,318 - INFO - src.loader 52 - Conversión completada:
2025-10-10 09:36:07,318 - INFO - src.loader 53 -   Original - CONTINUA: 971054, BAJA+1: 3447, BAJA+2: 3938
2025-10-10 09:36:07,318 - INFO - src.loader 54 -   Binario - 0: 971054, 1: 7385
2025-10-10 09:36:07,318 - INFO - src.loader 55 -   Distribución: 0.75% casos positivos
2025-10-10 09:36:07,318 - INFO - src.loader 33 - Convirtiendo clase_ternaria a target binario
2025-10-10 09:36:07,515 - INFO - src.loader 52 - Conversión completada:
2025-10-10 09:36:07,515 - INFO - src.loader 53 -   Original - CONTINUA: 971054, BAJA+1: 3447, BAJA+2: 3938
2025-10-10 09:36:07,515 - INFO - src.loader 54 -   Binario - 0: 974501, 1: 3938
2025-10-10 09:36:07,516 - INFO - src.loader 55 -   Distribución: 0.40% casos positivos
2025-10-10 09:36:08,619 - INFO - src.test_evaluation 57 - Aplicando undersampling (ratio=0.02) en entrenamiento
2025-10-10 09:36:09,220 - INFO - src.test_evaluation 81 - Semilla de entrenamiento: 516319
2025-10-10 09:39:16,123 - INFO - src.grafico_test 420 -   - Ganancia máxima con semilla 516319: 782,180,000
2025-10-10 09:39:16,123 - INFO - src.grafico_test 393 - Entrenando con semilla 213097 (28/5)
2025-10-10 09:39:16,123 - INFO - src.test_evaluation 36 - Período de test: 202104
2025-10-10 09:39:17,806 - INFO - src.loader 33 - Convirtiendo clase_ternaria a target binario
2025-10-10 09:39:17,941 - INFO - src.loader 52 - Conversión completada:
2025-10-10 09:39:17,941 - INFO - src.loader 53 -   Original - CONTINUA: 971054, BAJA+1: 3447, BAJA+2: 3938
2025-10-10 09:39:17,941 - INFO - src.loader 54 -   Binario - 0: 971054, 1: 7385
2025-10-10 09:39:17,941 - INFO - src.loader 55 -   Distribución: 0.75% casos positivos
2025-10-10 09:39:17,941 - INFO - src.loader 33 - Convirtiendo clase_ternaria a target binario
2025-10-10 09:39:18,091 - INFO - src.loader 52 - Conversión completada:
2025-10-10 09:39:18,091 - INFO - src.loader 53 -   Original - CONTINUA: 971054, BAJA+1: 3447, BAJA+2: 3938
2025-10-10 09:39:18,091 - INFO - src.loader 54 -   Binario - 0: 974501, 1: 3938
2025-10-10 09:39:18,091 - INFO - src.loader 55 -   Distribución: 0.40% casos positivos
2025-10-10 09:39:19,151 - INFO - src.test_evaluation 57 - Aplicando undersampling (ratio=0.02) en entrenamiento
2025-10-10 09:39:19,820 - INFO - src.test_evaluation 81 - Semilla de entrenamiento: 213097
2025-10-10 09:42:24,063 - INFO - src.grafico_test 420 -   - Ganancia máxima con semilla 213097: 780,380,000
2025-10-10 09:42:24,063 - INFO - src.grafico_test 393 - Entrenando con semilla 807973 (29/5)
2025-10-10 09:42:24,063 - INFO - src.test_evaluation 36 - Período de test: 202104
2025-10-10 09:42:25,569 - INFO - src.loader 33 - Convirtiendo clase_ternaria a target binario
2025-10-10 09:42:25,763 - INFO - src.loader 52 - Conversión completada:
2025-10-10 09:42:25,764 - INFO - src.loader 53 -   Original - CONTINUA: 971054, BAJA+1: 3447, BAJA+2: 3938
2025-10-10 09:42:25,764 - INFO - src.loader 54 -   Binario - 0: 971054, 1: 7385
2025-10-10 09:42:25,764 - INFO - src.loader 55 -   Distribución: 0.75% casos positivos
2025-10-10 09:42:25,764 - INFO - src.loader 33 - Convirtiendo clase_ternaria a target binario
2025-10-10 09:42:25,934 - INFO - src.loader 52 - Conversión completada:
2025-10-10 09:42:25,934 - INFO - src.loader 53 -   Original - CONTINUA: 971054, BAJA+1: 3447, BAJA+2: 3938
2025-10-10 09:42:25,934 - INFO - src.loader 54 -   Binario - 0: 974501, 1: 3938
2025-10-10 09:42:25,934 - INFO - src.loader 55 -   Distribución: 0.40% casos positivos
2025-10-10 09:42:27,020 - INFO - src.test_evaluation 57 - Aplicando undersampling (ratio=0.02) en entrenamiento
2025-10-10 09:42:27,619 - INFO - src.test_evaluation 81 - Semilla de entrenamiento: 807973
2025-10-10 09:45:27,443 - INFO - src.grafico_test 420 -   - Ganancia máxima con semilla 807973: 789,880,000
2025-10-10 09:45:27,443 - INFO - src.grafico_test 393 - Entrenando con semilla 957917 (30/5)
2025-10-10 09:45:27,443 - INFO - src.test_evaluation 36 - Período de test: 202104
2025-10-10 09:45:29,189 - INFO - src.loader 33 - Convirtiendo clase_ternaria a target binario
2025-10-10 09:45:29,324 - INFO - src.loader 52 - Conversión completada:
2025-10-10 09:45:29,324 - INFO - src.loader 53 -   Original - CONTINUA: 971054, BAJA+1: 3447, BAJA+2: 3938
2025-10-10 09:45:29,325 - INFO - src.loader 54 -   Binario - 0: 971054, 1: 7385
2025-10-10 09:45:29,325 - INFO - src.loader 55 -   Distribución: 0.75% casos positivos
2025-10-10 09:45:29,325 - INFO - src.loader 33 - Convirtiendo clase_ternaria a target binario
2025-10-10 09:45:29,490 - INFO - src.loader 52 - Conversión completada:
2025-10-10 09:45:29,490 - INFO - src.loader 53 -   Original - CONTINUA: 971054, BAJA+1: 3447, BAJA+2: 3938
2025-10-10 09:45:29,490 - INFO - src.loader 54 -   Binario - 0: 974501, 1: 3938
2025-10-10 09:45:29,490 - INFO - src.loader 55 -   Distribución: 0.40% casos positivos
2025-10-10 09:45:30,686 - INFO - src.test_evaluation 57 - Aplicando undersampling (ratio=0.02) en entrenamiento
2025-10-10 09:45:31,279 - INFO - src.test_evaluation 81 - Semilla de entrenamiento: 957917
2025-10-10 09:48:34,802 - INFO - src.grafico_test 420 -   - Ganancia máxima con semilla 957917: 788,100,000
2025-10-10 09:48:34,802 - INFO - src.grafico_test 393 - Entrenando con semilla 361843 (31/5)
2025-10-10 09:48:34,802 - INFO - src.test_evaluation 36 - Período de test: 202104
2025-10-10 09:48:36,649 - INFO - src.loader 33 - Convirtiendo clase_ternaria a target binario
2025-10-10 09:48:36,875 - INFO - src.loader 52 - Conversión completada:
2025-10-10 09:48:36,875 - INFO - src.loader 53 -   Original - CONTINUA: 971054, BAJA+1: 3447, BAJA+2: 3938
2025-10-10 09:48:36,875 - INFO - src.loader 54 -   Binario - 0: 971054, 1: 7385
2025-10-10 09:48:36,875 - INFO - src.loader 55 -   Distribución: 0.75% casos positivos
2025-10-10 09:48:36,875 - INFO - src.loader 33 - Convirtiendo clase_ternaria a target binario
2025-10-10 09:48:37,059 - INFO - src.loader 52 - Conversión completada:
2025-10-10 09:48:37,061 - INFO - src.loader 53 -   Original - CONTINUA: 971054, BAJA+1: 3447, BAJA+2: 3938
2025-10-10 09:48:37,062 - INFO - src.loader 54 -   Binario - 0: 974501, 1: 3938
2025-10-10 09:48:37,062 - INFO - src.loader 55 -   Distribución: 0.40% casos positivos
2025-10-10 09:48:38,350 - INFO - src.test_evaluation 57 - Aplicando undersampling (ratio=0.02) en entrenamiento
2025-10-10 09:48:38,981 - INFO - src.test_evaluation 81 - Semilla de entrenamiento: 361843
2025-10-10 09:51:43,327 - INFO - src.grafico_test 420 -   - Ganancia máxima con semilla 361843: 787,000,000
2025-10-10 09:51:43,327 - INFO - src.grafico_test 393 - Entrenando con semilla 451897 (32/5)
2025-10-10 09:51:43,327 - INFO - src.test_evaluation 36 - Período de test: 202104
2025-10-10 09:51:44,830 - INFO - src.loader 33 - Convirtiendo clase_ternaria a target binario
2025-10-10 09:51:44,963 - INFO - src.loader 52 - Conversión completada:
2025-10-10 09:51:44,964 - INFO - src.loader 53 -   Original - CONTINUA: 971054, BAJA+1: 3447, BAJA+2: 3938
2025-10-10 09:51:44,964 - INFO - src.loader 54 -   Binario - 0: 971054, 1: 7385
2025-10-10 09:51:44,964 - INFO - src.loader 55 -   Distribución: 0.75% casos positivos
2025-10-10 09:51:44,964 - INFO - src.loader 33 - Convirtiendo clase_ternaria a target binario
2025-10-10 09:51:45,174 - INFO - src.loader 52 - Conversión completada:
2025-10-10 09:51:45,174 - INFO - src.loader 53 -   Original - CONTINUA: 971054, BAJA+1: 3447, BAJA+2: 3938
2025-10-10 09:51:45,174 - INFO - src.loader 54 -   Binario - 0: 974501, 1: 3938
2025-10-10 09:51:45,174 - INFO - src.loader 55 -   Distribución: 0.40% casos positivos
2025-10-10 09:51:46,221 - INFO - src.test_evaluation 57 - Aplicando undersampling (ratio=0.02) en entrenamiento
2025-10-10 09:51:46,784 - INFO - src.test_evaluation 81 - Semilla de entrenamiento: 451897
2025-10-10 09:54:52,410 - INFO - src.grafico_test 420 -   - Ganancia máxima con semilla 451897: 781,880,000
2025-10-10 09:54:52,411 - INFO - src.grafico_test 393 - Entrenando con semilla 283639 (33/5)
2025-10-10 09:54:52,411 - INFO - src.test_evaluation 36 - Período de test: 202104
2025-10-10 09:54:54,164 - INFO - src.loader 33 - Convirtiendo clase_ternaria a target binario
2025-10-10 09:54:54,302 - INFO - src.loader 52 - Conversión completada:
2025-10-10 09:54:54,302 - INFO - src.loader 53 -   Original - CONTINUA: 971054, BAJA+1: 3447, BAJA+2: 3938
2025-10-10 09:54:54,302 - INFO - src.loader 54 -   Binario - 0: 971054, 1: 7385
2025-10-10 09:54:54,302 - INFO - src.loader 55 -   Distribución: 0.75% casos positivos
2025-10-10 09:54:54,302 - INFO - src.loader 33 - Convirtiendo clase_ternaria a target binario
2025-10-10 09:54:54,491 - INFO - src.loader 52 - Conversión completada:
2025-10-10 09:54:54,491 - INFO - src.loader 53 -   Original - CONTINUA: 971054, BAJA+1: 3447, BAJA+2: 3938
2025-10-10 09:54:54,491 - INFO - src.loader 54 -   Binario - 0: 974501, 1: 3938
2025-10-10 09:54:54,491 - INFO - src.loader 55 -   Distribución: 0.40% casos positivos
2025-10-10 09:54:55,591 - INFO - src.test_evaluation 57 - Aplicando undersampling (ratio=0.02) en entrenamiento
2025-10-10 09:54:56,209 - INFO - src.test_evaluation 81 - Semilla de entrenamiento: 283639
2025-10-10 09:58:00,690 - INFO - src.grafico_test 420 -   - Ganancia máxima con semilla 283639: 783,160,000
2025-10-10 09:58:00,690 - INFO - src.grafico_test 393 - Entrenando con semilla 116681 (34/5)
2025-10-10 09:58:00,690 - INFO - src.test_evaluation 36 - Período de test: 202104
2025-10-10 09:58:02,464 - INFO - src.loader 33 - Convirtiendo clase_ternaria a target binario
2025-10-10 09:58:02,651 - INFO - src.loader 52 - Conversión completada:
2025-10-10 09:58:02,651 - INFO - src.loader 53 -   Original - CONTINUA: 971054, BAJA+1: 3447, BAJA+2: 3938
2025-10-10 09:58:02,651 - INFO - src.loader 54 -   Binario - 0: 971054, 1: 7385
2025-10-10 09:58:02,651 - INFO - src.loader 55 -   Distribución: 0.75% casos positivos
2025-10-10 09:58:02,652 - INFO - src.loader 33 - Convirtiendo clase_ternaria a target binario
2025-10-10 09:58:02,818 - INFO - src.loader 52 - Conversión completada:
2025-10-10 09:58:02,819 - INFO - src.loader 53 -   Original - CONTINUA: 971054, BAJA+1: 3447, BAJA+2: 3938
2025-10-10 09:58:02,819 - INFO - src.loader 54 -   Binario - 0: 974501, 1: 3938
2025-10-10 09:58:02,819 - INFO - src.loader 55 -   Distribución: 0.40% casos positivos
2025-10-10 09:58:04,114 - INFO - src.test_evaluation 57 - Aplicando undersampling (ratio=0.02) en entrenamiento
2025-10-10 09:58:04,758 - INFO - src.test_evaluation 81 - Semilla de entrenamiento: 116681
